[2026-09-24T17:06:19] [INFO] --- Starting Player Rank Import Task ---
[2026-09-24T17:06:19] [INFO] Starting new rank fetch cycle for マスター (master)...
[2026-09-24T17:06:19] [ERROR] [prefecture] マスター(master) p1: **prefectureId が返ってきていない**。実際の項目名: id, playerId, nickname, currentLeagueId, currentRanking, prefectureName, championShipPoint, publicFlg, championFlg, avatarImage
[2026-09-24T17:06:19] [ERROR] [prefecture] マスター(master) p2: **prefectureId が返ってきていない**。実際の項目名: id, playerId, nickname, currentLeagueId, currentRanking, prefectureName, championShipPoint, publicFlg, championFlg, avatarImage
[2026-09-24T17:06:19] [ERROR] [prefecture] マスター(master) p3: **prefectureId が返ってきていない**。実際の項目名: id, playerId, nickname, currentLeagueId, currentRanking, prefectureName, championShipPoint, publicFlg, championFlg, avatarImage
[2026-09-24T17:06:19] [ERROR] [prefecture] マスター(master) p4: **prefectureId が返ってきていない**。実際の項目名: id, playerId, nickname, currentLeagueId, currentRanking, prefectureName, championShipPoint, publicFlg, championFlg, avatarImage
[2026-09-24T17:06:19] [ERROR] [prefecture] マスター(master) p5: **prefectureId が返ってきていない**。実際の項目名: id, playerId, nickname, currentLeagueId, currentRanking, prefectureName, championShipPoint, publicFlg, championFlg, avatarImage
[2026-09-24T17:06:19] [ERROR] [prefecture] マスター(master) p6: **prefectureId が返ってきていない**。実際の項目名: id, playerId, nickname, currentLeagueId, currentRanking, prefectureName, championShipPoint, publicFlg, championFlg, avatarImage
[2026-09-24T17:06:19] [ERROR] [prefecture] マスター(master) p7: **prefectureId が返ってきていない**。実際の項目名: id, playerId, nickname, currentLeagueId, currentRanking, prefectureName, championShipPoint, publicFlg, championFlg, avatarImage
[2026-09-24T17:06:19] [ERROR] [prefecture] マスター(master) p8: **prefectureId が返ってきていない**。実際の項目名: id, playerId, nickname, currentLeagueId, currentRanking, prefectureName, championShipPoint, publicFlg, championFlg, avatarImage
[2026-09-24T17:06:19] [ERROR] [prefecture] マスター(master) p9: **prefectureId が返ってきていない**。実際の項目名: id, playerId, nickname, currentLeagueId, currentRanking, prefectureName, championShipPoint, publicFlg, championFlg, avatarImage
[2026-09-24T17:06:19] [ERROR] [prefecture] マスター(master) p10: **prefectureId が返ってきていない**。実際の項目名: id, playerId, nickname, currentLeagueId, currentRanking, prefectureName, championShipPoint, publicFlg, championFlg, avatarImage
[2026-09-24T17:06:19] [ERROR] [prefecture] マスター(master) p11: **prefectureId が返ってきていない**。実際の項目名: id, playerId, nickname, currentLeagueId, currentRanking, prefectureName, championShipPoint, publicFlg, championFlg, avatarImage
[2026-09-24T17:06:19] [ERROR] [prefecture] マスター(master) p12: **prefectureId が返ってきていない**。実際の項目名: id, playerId, nickname, currentLeagueId, currentRanking, prefectureName, championShipPoint, publicFlg, championFlg, avatarImage
[2026-09-24T17:06:19] [ERROR] [prefecture] マスター(master) p13: **prefectureId が返ってきていない**。実際の項目名: id, playerId, nickname, currentLeagueId, currentRanking, prefectureName, championShipPoint, publicFlg, championFlg, avatarImage
[2026-09-24T17:06:19] [ERROR] [prefecture] マスター(master) p14: **prefectureId が返ってきていない**。実際の項目名: id, playerId, nickname, currentLeagueId, currentRanking, prefectureName, championShipPoint, publicFlg, championFlg, avatarImage
[2026-09-24T17:06:19] [ERROR] [prefecture] マスター(master) p15: **prefectureId が返ってきていない**。実際の項目名: id, playerId, nickname, currentLeagueId, currentRanking, prefectureName, championShipPoint, publicFlg, championFlg, avatarImage
[2026-09-24T17:06:19] [ERROR] [prefecture] マスター(master) p16: **prefectureId が返ってきていない**。実際の項目名: id, playerId, nickname, currentLeagueId, currentRanking, prefectureName, championShipPoint, publicFlg, championFlg, avatarImage
[2026-09-24T17:06:19] [ERROR] [prefecture] マスター(master) p17: **prefectureId が返ってきていない**。実際の項目名: id, playerId, nickname, currentLeagueId, currentRanking, prefectureName, championShipPoint, publicFlg, championFlg, avatarImage
[2026-09-24T17:06:19] [ERROR] [prefecture] マスター(master) p18: **prefectureId が返ってきていない**。実際の項目名: id, playerId, nickname, currentLeagueId, currentRanking, prefectureName, championShipPoint, publicFlg, championFlg, avatarImage
[2026-09-24T17:06:19] [ERROR] [prefecture] マスター(master) p19: **prefectureId が返ってきていない**。実際の項目名: id, playerId, nickname, currentLeagueId, currentRanking, prefectureName, championShipPoint, publicFlg, championFlg, avatarImage
[2026-09-24T17:06:19] [ERROR] [prefecture] マスター(master) p20: **prefectureId が返ってきていない**。実際の項目名: id, playerId, nickname, currentLeagueId, currentRanking, prefectureName, championShipPoint, publicFlg, championFlg, avatarImage
[2026-09-24T17:06:19] [ERROR] [prefecture] マスター(master) p21: **prefectureId が返ってきていない**。実際の項目名: id, playerId, nickname, currentLeagueId, currentRanking, prefectureName, championShipPoint, publicFlg, championFlg, avatarImage
[2026-09-24T17:06:19] [ERROR] [prefecture] マスター(master) p22: **prefectureId が返ってきていない**。実際の項目名: id, playerId, nickname, currentLeagueId, currentRanking, prefectureName, championShipPoint, publicFlg, championFlg, avatarImage
[2026-09-24T17:06:19] [ERROR] [prefecture] マスター(master) p23: **prefectureId が返ってきていない**。実際の項目名: id, playerId, nickname, currentLeagueId, currentRanking, prefectureName, championShipPoint, publicFlg, championFlg, avatarImage
[2026-09-24T17:06:19] [ERROR] [prefecture] マスター(master) p24: **prefectureId が返ってきていない**。実際の項目名: id, playerId, nickname, currentLeagueId, currentRanking, prefectureName, championShipPoint, publicFlg, championFlg, avatarImage
[2026-09-24T17:06:19] [ERROR] [prefecture] マスター(master) p25: **prefectureId が返ってきていない**。実際の項目名: id, playerId, nickname, currentLeagueId, currentRanking, prefectureName, championShipPoint, publicFlg, championFlg, avatarImage
[2026-09-24T17:06:19] [ERROR] [prefecture] マスター(master) p26: **prefectureId が返ってきていない**。実際の項目名: id, playerId, nickname, currentLeagueId, currentRanking, prefectureName, championShipPoint, publicFlg, championFlg, avatarImage
[2026-09-24T17:06:19] [ERROR] [prefecture] マスター(master) p27: **prefectureId が返ってきていない**。実際の項目名: id, playerId, nickname, currentLeagueId, currentRanking, prefectureName, championShipPoint, publicFlg, championFlg, avatarImage
[2026-09-24T17:06:19] [ERROR] [prefecture] マスター(master) p28: **prefectureId が返ってきていない**。実際の項目名: id, playerId, nickname, currentLeagueId, currentRanking, prefectureName, championShipPoint, publicFlg, championFlg, avatarImage
[2026-09-24T17:06:19] [ERROR] [prefecture] マスター(master) p29: **prefectureId が返ってきていない**。実際の項目名: id, playerId, nickname, currentLeagueId, currentRanking, prefectureName, championShipPoint, publicFlg, championFlg, avatarImage
[2026-09-24T17:06:19] [ERROR] [prefecture] マスター(master) p30: **prefectureId が返ってきていない**。実際の項目名: id, playerId, nickname, currentLeagueId, currentRanking, prefectureName, championShipPoint, publicFlg, championFlg, avatarImage
[2026-09-24T17:06:19] [ERROR] [prefecture] マスター(master) p31: **prefectureId が返ってきていない**。実際の項目名: id, playerId, nickname, currentLeagueId, currentRanking, prefectureName, championShipPoint, publicFlg, championFlg, avatarImage
[2026-09-24T17:06:19] [ERROR] [prefecture] マスター(master) p32: **prefectureId が返ってきていない**。実際の項目名: id, playerId, nickname, currentLeagueId, currentRanking, prefectureName, championShipPoint, publicFlg, championFlg, avatarImage
[2026-09-24T17:06:19] [ERROR] [prefecture] マスター(master) p33: **prefectureId が返ってきていない**。実際の項目名: id, playerId, nickname, currentLeagueId, currentRanking, prefectureName, championShipPoint, publicFlg, championFlg, avatarImage
[2026-09-24T17:06:19] [ERROR] [prefecture] マスター(master) p34: **prefectureId が返ってきていない**。実際の項目名: id, playerId, nickname, currentLeagueId, currentRanking, prefectureName, championShipPoint, publicFlg, championFlg, avatarImage
[2026-09-24T17:06:19] [ERROR] [prefecture] マスター(master) p35: **prefectureId が返ってきていない**。実際の項目名: id, playerId, nickname, currentLeagueId, currentRanking, prefectureName, championShipPoint, publicFlg, championFlg, avatarImage
[2026-09-24T17:06:19] [ERROR] [prefecture] マスター(master) p36: **prefectureId が返ってきていない**。実際の項目名: id, playerId, nickname, currentLeagueId, currentRanking, prefectureName, championShipPoint, publicFlg, championFlg, avatarImage
[2026-09-24T17:06:19] [ERROR] [prefecture] マスター(master) p37: **prefectureId が返ってきていない**。実際の項目名: id, playerId, nickname, currentLeagueId, currentRanking, prefectureName, championShipPoint, publicFlg, championFlg, avatarImage
[2026-09-24T17:06:19] [ERROR] [prefecture] マスター(master) p38: **prefectureId が返ってきていない**。実際の項目名: id, playerId, nickname, currentLeagueId, currentRanking, prefectureName, championShipPoint, publicFlg, championFlg, avatarImage
[2026-09-24T17:06:19] [ERROR] [prefecture] マスター(master) p39: **prefectureId が返ってきていない**。実際の項目名: id, playerId, nickname, currentLeagueId, currentRanking, prefectureName, championShipPoint, publicFlg, championFlg, avatarImage
[2026-09-24T17:06:19] [ERROR] [prefecture] マスター(master) p40: **prefectureId が返ってきていない**。実際の項目名: id, playerId, nickname, currentLeagueId, currentRanking, prefectureName, championShipPoint, publicFlg, championFlg, avatarImage
[2026-09-24T17:06:19] [ERROR] [prefecture] マスター(master) p41: **prefectureId が返ってきていない**。実際の項目名: id, playerId, nickname, currentLeagueId, currentRanking, prefectureName, championShipPoint, publicFlg, championFlg, avatarImage
[2026-09-24T17:06:19] [ERROR] [prefecture] マスター(master) p42: **prefectureId が返ってきていない**。実際の項目名: id, playerId, nickname, currentLeagueId, currentRanking, prefectureName, championShipPoint, publicFlg, championFlg, avatarImage
[2026-09-24T17:06:19] [ERROR] [prefecture] マスター(master) p43: **prefectureId が返ってきていない**。実際の項目名: id, playerId, nickname, currentLeagueId, currentRanking, prefectureName, championShipPoint, publicFlg, championFlg, avatarImage
[2026-09-24T17:06:19] [ERROR] [prefecture] マスター(master) p44: **prefectureId が返ってきていない**。実際の項目名: id, playerId, nickname, currentLeagueId, currentRanking, prefectureName, championShipPoint, publicFlg, championFlg, avatarImage
[2026-09-24T17:06:19] [ERROR] [prefecture] マスター(master) p45: **prefectureId が返ってきていない**。実際の項目名: id, playerId, nickname, currentLeagueId, currentRanking, prefectureName, championShipPoint, publicFlg, championFlg, avatarImage
[2026-09-24T17:06:19] [ERROR] [prefecture] マスター(master) p46: **prefectureId が返ってきていない**。実際の項目名: id, playerId, nickname, currentLeagueId, currentRanking, prefectureName, championShipPoint, publicFlg, championFlg, avatarImage
[2026-09-24T17:06:19] [ERROR] [prefecture] マスター(master) p47: **prefectureId が返ってきていない**。実際の項目名: id, playerId, nickname, currentLeagueId, currentRanking, prefectureName, championShipPoint, publicFlg, championFlg, avatarImage
[2026-09-24T17:06:19] [ERROR] [prefecture] マスター(master) p48: **prefectureId が返ってきていない**。実際の項目名: id, playerId, nickname, currentLeagueId, currentRanking, prefectureName, championShipPoint, publicFlg, championFlg, avatarImage
[2026-09-24T17:06:19] [ERROR] [prefecture] マスター(master) p49: **prefectureId が返ってきていない**。実際の項目名: id, playerId, nickname, currentLeagueId, currentRanking, prefectureName, championShipPoint, publicFlg, championFlg, avatarImage
[2026-09-24T17:06:19] [ERROR] [prefecture] マスター(master) p50: **prefectureId が返ってきていない**。実際の項目名: id, playerId, nickname, currentLeagueId, currentRanking, prefectureName, championShipPoint, publicFlg, championFlg, avatarImage
[2026-09-24T17:06:19] [ERROR] [prefecture] マスター(master) p51: **prefectureId が返ってきていない**。実際の項目名: id, playerId, nickname, currentLeagueId, currentRanking, prefectureName, championShipPoint, publicFlg, championFlg, avatarImage
[2026-09-24T17:06:19] [ERROR] [prefecture] マスター(master) p52: **prefectureId が返ってきていない**。実際の項目名: id, playerId, nickname, currentLeagueId, currentRanking, prefectureName, championShipPoint, publicFlg, championFlg, avatarImage
[2026-09-24T17:06:19] [ERROR] [prefecture] マスター(master) p53: **prefectureId が返ってきていない**。実際の項目名: id, playerId, nickname, currentLeagueId, currentRanking, prefectureName, championShipPoint, publicFlg, championFlg, avatarImage
[2026-09-24T17:06:19] [ERROR] [prefecture] マスター(master) p54: **prefectureId が返ってきていない**。実際の項目名: id, playerId, nickname, currentLeagueId, currentRanking, prefectureName, championShipPoint, publicFlg, championFlg, avatarImage
[2026-09-24T17:06:19] [ERROR] [prefecture] マスター(master) p55: **prefectureId が返ってきていない**。実際の項目名: id, playerId, nickname, currentLeagueId, currentRanking, prefectureName, championShipPoint, publicFlg, championFlg, avatarImage
[2026-09-24T17:06:19] [ERROR] [prefecture] マスター(master) p56: **prefectureId が返ってきていない**。実際の項目名: id, playerId, nickname, currentLeagueId, currentRanking, prefectureName, championShipPoint, publicFlg, championFlg, avatarImage
[2026-09-24T17:06:19] [ERROR] [prefecture] マスター(master) p57: **prefectureId が返ってきていない**。実際の項目名: id, playerId, nickname, currentLeagueId, currentRanking, prefectureName, championShipPoint, publicFlg, championFlg, avatarImage
[2026-09-24T17:06:19] [ERROR] [prefecture] マスター(master) p58: **prefectureId が返ってきていない**。実際の項目名: id, playerId, nickname, currentLeagueId, currentRanking, prefectureName, championShipPoint, publicFlg, championFlg, avatarImage
[2026-09-24T17:06:19] [ERROR] [prefecture] マスター(master) p59: **prefectureId が返ってきていない**。実際の項目名: id, playerId, nickname, currentLeagueId, currentRanking, prefectureName, championShipPoint, publicFlg, championFlg, avatarImage
[2026-09-24T17:06:19] [ERROR] [prefecture] マスター(master) p60: **prefectureId が返ってきていない**。実際の項目名: id, playerId, nickname, currentLeagueId, currentRanking, prefectureName, championShipPoint, publicFlg, championFlg, avatarImage
[2026-09-24T17:06:19] [ERROR] [prefecture] マスター(master) p61: **prefectureId が返ってきていない**。実際の項目名: id, playerId, nickname, currentLeagueId, currentRanking, prefectureName, championShipPoint, publicFlg, championFlg, avatarImage
[2026-09-24T17:06:19] [ERROR] [prefecture] マスター(master) p62: **prefectureId が返ってきていない**。実際の項目名: id, playerId, nickname, currentLeagueId, currentRanking, prefectureName, championShipPoint, publicFlg, championFlg, avatarImage
[2026-09-24T17:06:19] [ERROR] [prefecture] マスター(master) p63: **prefectureId が返ってきていない**。実際の項目名: id, playerId, nickname, currentLeagueId, currentRanking, prefectureName, championShipPoint, publicFlg, championFlg, avatarImage
[2026-09-24T17:06:19] [ERROR] [prefecture] マスター(master) p64: **prefectureId が返ってきていない**。実際の項目名: id, playerId, nickname, currentLeagueId, currentRanking, prefectureName, championShipPoint, publicFlg, championFlg, avatarImage
[2026-09-24T17:06:19] [ERROR] [prefecture] マスター(master) p65: **prefectureId が返ってきていない**。実際の項目名: id, playerId, nickname, currentLeagueId, currentRanking, prefectureName, championShipPoint, publicFlg, championFlg, avatarImage
[2026-09-24T17:06:19] [ERROR] [prefecture] マスター(master) p66: **prefectureId が返ってきていない**。実際の項目名: id, playerId, nickname, currentLeagueId, currentRanking, prefectureName, championShipPoint, publicFlg, championFlg, avatarImage
[2026-09-24T17:06:19] [ERROR] [prefecture] マスター(master) p67: **prefectureId が返ってきていない**。実際の項目名: id, playerId, nickname, currentLeagueId, currentRanking, prefectureName, championShipPoint, publicFlg, championFlg, avatarImage
[2026-09-24T17:06:19] [ERROR] [prefecture] マスター(master) p68: **prefectureId が返ってきていない**。実際の項目名: id, playerId, nickname, currentLeagueId, currentRanking, prefectureName, championShipPoint, publicFlg, championFlg, avatarImage
[2026-09-24T17:06:19] [ERROR] [prefecture] マスター(master) p69: **prefectureId が返ってきていない**。実際の項目名: id, playerId, nickname, currentLeagueId, currentRanking, prefectureName, championShipPoint, publicFlg, championFlg, avatarImage
[2026-09-24T17:06:19] [ERROR] [prefecture] マスター(master) p70: **prefectureId が返ってきていない**。実際の項目名: id, playerId, nickname, currentLeagueId, currentRanking, prefectureName, championShipPoint, publicFlg, championFlg, avatarImage
[2026-09-24T17:06:19] [ERROR] [prefecture] マスター(master) p71: **prefectureId が返ってきていない**。実際の項目名: id, playerId, nickname, currentLeagueId, currentRanking, prefectureName, championShipPoint, publicFlg, championFlg, avatarImage
[2026-09-24T17:06:19] [ERROR] [prefecture] マスター(master) p72: **prefectureId が返ってきていない**。実際の項目名: id, playerId, nickname, currentLeagueId, currentRanking, prefectureName, championShipPoint, publicFlg, championFlg, avatarImage
[2026-09-24T17:06:19] [ERROR] [prefecture] マスター(master) p73: **prefectureId が返ってきていない**。実際の項目名: id, playerId, nickname, currentLeagueId, currentRanking, prefectureName, championShipPoint, publicFlg, championFlg, avatarImage
[2026-09-24T17:06:19] [ERROR] [prefecture] マスター(master) p74: **prefectureId が返ってきていない**。実際の項目名: id, playerId, nickname, currentLeagueId, currentRanking, prefectureName, championShipPoint, publicFlg, championFlg, avatarImage
[2026-09-24T17:06:19] [ERROR] [prefecture] マスター(master) p75: **prefectureId が返ってきていない**。実際の項目名: id, playerId, nickname, currentLeagueId, currentRanking, prefectureName, championShipPoint, publicFlg, championFlg, avatarImage
[2026-09-24T17:06:19] [ERROR] [prefecture] マスター(master) p76: **prefectureId が返ってきていない**。実際の項目名: id, playerId, nickname, currentLeagueId, currentRanking, prefectureName, championShipPoint, publicFlg, championFlg, avatarImage
[2026-09-24T17:06:19] [ERROR] [prefecture] マスター(master) p77: **prefectureId が返ってきていない**。実際の項目名: id, playerId, nickname, currentLeagueId, currentRanking, prefectureName, championShipPoint, publicFlg, championFlg, avatarImage
[2026-09-24T17:06:19] [ERROR] [prefecture] マスター(master) p78: **prefectureId が返ってきていない**。実際の項目名: id, playerId, nickname, currentLeagueId, currentRanking, prefectureName, championShipPoint, publicFlg, championFlg, avatarImage
[2026-09-24T17:06:19] [ERROR] [prefecture] マスター(master) p79: **prefectureId が返ってきていない**。実際の項目名: id, playerId, nickname, currentLeagueId, currentRanking, prefectureName, championShipPoint, publicFlg, championFlg, avatarImage
[2026-09-24T17:06:19] [ERROR] [prefecture] マスター(master) p80: **prefectureId が返ってきていない**。実際の項目名: id, playerId, nickname, currentLeagueId, currentRanking, prefectureName, championShipPoint, publicFlg, championFlg, avatarImage
[2026-09-24T17:06:19] [ERROR] [prefecture] マスター(master) p81: **prefectureId が返ってきていない**。実際の項目名: id, playerId, nickname, currentLeagueId, currentRanking, prefectureName, championShipPoint, publicFlg, championFlg, avatarImage
[2026-09-24T17:06:19] [ERROR] [prefecture] マスター(master) p82: **prefectureId が返ってきていない**。実際の項目名: id, playerId, nickname, currentLeagueId, currentRanking, prefectureName, championShipPoint, publicFlg, championFlg, avatarImage
[2026-09-24T17:06:19] [ERROR] [prefecture] マスター(master) p83: **prefectureId が返ってきていない**。実際の項目名: id, playerId, nickname, currentLeagueId, currentRanking, prefectureName, championShipPoint, publicFlg, championFlg, avatarImage
[2026-09-24T17:06:19] [ERROR] [prefecture] マスター(master) p84: **prefectureId が返ってきていない**。実際の項目名: id, playerId, nickname, currentLeagueId, currentRanking, prefectureName, championShipPoint, publicFlg, championFlg, avatarImage
[2026-09-24T17:06:19] [ERROR] [prefecture] マスター(master) p85: **prefectureId が返ってきていない**。実際の項目名: id, playerId, nickname, currentLeagueId, currentRanking, prefectureName, championShipPoint, publicFlg, championFlg, avatarImage
[2026-09-24T17:06:19] [ERROR] [prefecture] マスター(master) p86: **prefectureId が返ってきていない**。実際の項目名: id, playerId, nickname, currentLeagueId, currentRanking, prefectureName, championShipPoint, publicFlg, championFlg, avatarImage
[2026-09-24T17:06:19] [ERROR] [prefecture] マスター(master) p87: **prefectureId が返ってきていない**。実際の項目名: id, playerId, nickname, currentLeagueId, currentRanking, prefectureName, championShipPoint, publicFlg, championFlg, avatarImage
[2026-09-24T17:06:19] [ERROR] [prefecture] マスター(master) p88: **prefectureId が返ってきていない**。実際の項目名: id, playerId, nickname, currentLeagueId, currentRanking, prefectureName, championShipPoint, publicFlg, championFlg, avatarImage
[2026-09-24T17:06:19] [ERROR] [prefecture] マスター(master) p89: **prefectureId が返ってきていない**。実際の項目名: id, playerId, nickname, currentLeagueId, currentRanking, prefectureName, championShipPoint, publicFlg, championFlg, avatarImage
[2026-09-24T17:06:19] [ERROR] [prefecture] マスター(master) p90: **prefectureId が返ってきていない**。実際の項目名: id, playerId, nickname, currentLeagueId, currentRanking, prefectureName, championShipPoint, publicFlg, championFlg, avatarImage
[2026-09-24T17:06:19] [ERROR] [prefecture] マスター(master) p91: **prefectureId が返ってきていない**。実際の項目名: id, playerId, nickname, currentLeagueId, currentRanking, prefectureName, championShipPoint, publicFlg, championFlg, avatarImage
[2026-09-24T17:06:19] [ERROR] [prefecture] マスター(master) p92: **prefectureId が返ってきていない**。実際の項目名: id, playerId, nickname, currentLeagueId, currentRanking, prefectureName, championShipPoint, publicFlg, championFlg, avatarImage
[2026-09-24T17:06:19] [ERROR] [prefecture] マスター(master) p93: **prefectureId が返ってきていない**。実際の項目名: id, playerId, nickname, currentLeagueId, currentRanking, prefectureName, championShipPoint, publicFlg, championFlg, avatarImage
[2026-09-24T17:06:19] [ERROR] [prefecture] マスター(master) p94: **prefectureId が返ってきていない**。実際の項目名: id, playerId, nickname, currentLeagueId, currentRanking, prefectureName, championShipPoint, publicFlg, championFlg, avatarImage
[2026-09-24T17:06:19] [ERROR] [prefecture] マスター(master) p95: **prefectureId が返ってきていない**。実際の項目名: id, playerId, nickname, currentLeagueId, currentRanking, prefectureName, championShipPoint, publicFlg, championFlg, avatarImage
[2026-09-24T17:06:19] [ERROR] [prefecture] マスター(master) p96: **prefectureId が返ってきていない**。実際の項目名: id, playerId, nickname, currentLeagueId, currentRanking, prefectureName, championShipPoint, publicFlg, championFlg, avatarImage
[2026-09-24T17:06:19] [ERROR] [prefecture] マスター(master) p97: **prefectureId が返ってきていない**。実際の項目名: id, playerId, nickname, currentLeagueId, currentRanking, prefectureName, championShipPoint, publicFlg, championFlg, avatarImage
[2026-09-24T17:06:19] [ERROR] [prefecture] マスター(master) p98: **prefectureId が返ってきていない**。実際の項目名: id, playerId, nickname, currentLeagueId, currentRanking, prefectureName, championShipPoint, publicFlg, championFlg, avatarImage
[2026-09-24T17:06:19] [ERROR] [prefecture] マスター(master) p99: **prefectureId が返ってきていない**。実際の項目名: id, playerId, nickname, currentLeagueId, currentRanking, prefectureName, championShipPoint, publicFlg, championFlg, avatarImage
[2026-09-24T17:06:19] [ERROR] [prefecture] マスター(master) p100: **prefectureId が返ってきていない**。実際の項目名: id, playerId, nickname, currentLeagueId, currentRanking, prefectureName, championShipPoint, publicFlg, championFlg, avatarImage
[2026-09-24T17:06:19] [ERROR] [prefecture] マスター(master) p101: **prefectureId が返ってきていない**。実際の項目名: id, playerId, nickname, currentLeagueId, currentRanking, prefectureName, championShipPoint, publicFlg, championFlg, avatarImage
[2026-09-24T17:06:19] [ERROR] [prefecture] マスター(master) p102: **prefectureId が返ってきていない**。実際の項目名: id, playerId, nickname, currentLeagueId, currentRanking, prefectureName, championShipPoint, publicFlg, championFlg, avatarImage
[2026-09-24T17:06:19] [ERROR] [prefecture] マスター(master) p103: **prefectureId が返ってきていない**。実際の項目名: id, playerId, nickname, currentLeagueId, currentRanking, prefectureName, championShipPoint, publicFlg, championFlg, avatarImage
[2026-09-24T17:06:19] [ERROR] [prefecture] マスター(master) p104: **prefectureId が返ってきていない**。実際の項目名: id, playerId, nickname, currentLeagueId, currentRanking, prefectureName, championShipPoint, publicFlg, championFlg, avatarImage
[2026-09-24T17:06:19] [ERROR] [prefecture] マスター(master) p105: **prefectureId が返ってきていない**。実際の項目名: id, playerId, nickname, currentLeagueId, currentRanking, prefectureName, championShipPoint, publicFlg, championFlg, avatarImage
[2026-09-24T17:06:19] [ERROR] [prefecture] マスター(master) p106: **prefectureId が返ってきていない**。実際の項目名: id, playerId, nickname, currentLeagueId, currentRanking, prefectureName, championShipPoint, publicFlg, championFlg, avatarImage
[2026-09-24T17:06:19] [ERROR] [prefecture] マスター(master) p107: **prefectureId が返ってきていない**。実際の項目名: id, playerId, nickname, currentLeagueId, currentRanking, prefectureName, championShipPoint, publicFlg, championFlg, avatarImage
[2026-09-24T17:06:19] [ERROR] [prefecture] マスター(master) p108: **prefectureId が返ってきていない**。実際の項目名: id, playerId, nickname, currentLeagueId, currentRanking, prefectureName, championShipPoint, publicFlg, championFlg, avatarImage
[2026-09-24T17:06:19] [ERROR] [prefecture] マスター(master) p109: **prefectureId が返ってきていない**。実際の項目名: id, playerId, nickname, currentLeagueId, currentRanking, prefectureName, championShipPoint, publicFlg, championFlg, avatarImage
[2026-09-24T17:06:19] [ERROR] [prefecture] マスター(master) p110: **prefectureId が返ってきていない**。実際の項目名: id, playerId, nickname, currentLeagueId, currentRanking, prefectureName, championShipPoint, publicFlg, championFlg, avatarImage
[2026-09-24T17:06:19] [ERROR] [prefecture] マスター(master) p111: **prefectureId が返ってきていない**。実際の項目名: id, playerId, nickname, currentLeagueId, currentRanking, prefectureName, championShipPoint, publicFlg, championFlg, avatarImage
[2026-09-24T17:06:19] [ERROR] [prefecture] マスター(master) p112: **prefectureId が返ってきていない**。実際の項目名: id, playerId, nickname, currentLeagueId, currentRanking, prefectureName, championShipPoint, publicFlg, championFlg, avatarImage
[2026-09-24T17:06:19] [ERROR] [prefecture] マスター(master) p113: **prefectureId が返ってきていない**。実際の項目名: id, playerId, nickname, currentLeagueId, currentRanking, prefectureName, championShipPoint, publicFlg, championFlg, avatarImage
[2026-09-24T17:06:19] [ERROR] [prefecture] マスター(master) p114: **prefectureId が返ってきていない**。実際の項目名: id, playerId, nickname, currentLeagueId, currentRanking, prefectureName, championShipPoint, publicFlg, championFlg, avatarImage
[2026-09-24T17:06:19] [ERROR] [prefecture] マスター(master) p115: **prefectureId が返ってきていない**。実際の項目名: id, playerId, nickname, currentLeagueId, currentRanking, prefectureName, championShipPoint, publicFlg, championFlg, avatarImage
[2026-09-24T17:06:19] [ERROR] [prefecture] マスター(master) p116: **prefectureId が返ってきていない**。実際の項目名: id, playerId, nickname, currentLeagueId, currentRanking, prefectureName, championShipPoint, publicFlg, championFlg, avatarImage
[2026-09-24T17:06:19] [ERROR] [prefecture] マスター(master) p117: **prefectureId が返ってきていない**。実際の項目名: id, playerId, nickname, currentLeagueId, currentRanking, prefectureName, championShipPoint, publicFlg, championFlg, avatarImage
[2026-09-24T17:06:19] [ERROR] [prefecture] マスター(master) p118: **prefectureId が返ってきていない**。実際の項目名: id, playerId, nickname, currentLeagueId, currentRanking, prefectureName, championShipPoint, publicFlg, championFlg, avatarImage
[2026-09-24T17:06:19] [ERROR] [prefecture] マスター(master) p119: **prefectureId が返ってきていない**。実際の項目名: id, playerId, nickname, currentLeagueId, currentRanking, prefectureName, championShipPoint, publicFlg, championFlg, avatarImage
[2026-09-24T17:06:19] [ERROR] [prefecture] マスター(master) p120: **prefectureId が返ってきていない**。実際の項目名: id, playerId, nickname, currentLeagueId, currentRanking, prefectureName, championShipPoint, publicFlg, championFlg, avatarImage
[2026-09-24T17:06:19] [INFO] マスター (master) batch fetched 2400 players (pages 120/243, offset: 2400).
[2026-09-24T17:06:19] [INFO] Starting new rank fetch cycle for シニア (senior)...
[2026-09-24T17:06:19] [ERROR] [prefecture] シニア(senior) p1: **prefectureId が返ってきていない**。実際の項目名: id, playerId, nickname, currentLeagueId, currentRanking, prefectureName, championShipPoint, publicFlg, championFlg, avatarImage
[2026-09-24T17:06:19] [ERROR] [prefecture] シニア(senior) p2: **prefectureId が返ってきていない**。実際の項目名: id, playerId, nickname, currentLeagueId, currentRanking, prefectureName, championShipPoint, publicFlg, championFlg, avatarImage
[2026-09-24T17:06:19] [ERROR] [prefecture] シニア(senior) p3: **prefectureId が返ってきていない**。実際の項目名: id, playerId, nickname, currentLeagueId, currentRanking, prefectureName, championShipPoint, publicFlg, championFlg, avatarImage
[2026-09-24T17:06:19] [ERROR] [prefecture] シニア(senior) p4: **prefectureId が返ってきていない**。実際の項目名: id, playerId, nickname, currentLeagueId, currentRanking, prefectureName, championShipPoint, publicFlg, championFlg, avatarImage
[2026-09-24T17:06:19] [ERROR] [prefecture] シニア(senior) p5: **prefectureId が返ってきていない**。実際の項目名: id, playerId, nickname, currentLeagueId, currentRanking, prefectureName, championShipPoint, publicFlg, championFlg, avatarImage
[2026-09-24T17:06:19] [ERROR] [prefecture] シニア(senior) p6: **prefectureId が返ってきていない**。実際の項目名: id, playerId, nickname, currentLeagueId, currentRanking, prefectureName, championShipPoint, publicFlg, championFlg, avatarImage
[2026-09-24T17:06:19] [ERROR] [prefecture] シニア(senior) p7: **prefectureId が返ってきていない**。実際の項目名: id, playerId, nickname, currentLeagueId, currentRanking, prefectureName, championShipPoint, publicFlg, championFlg, avatarImage
[2026-09-24T17:06:19] [ERROR] [prefecture] シニア(senior) p8: **prefectureId が返ってきていない**。実際の項目名: id, playerId, nickname, currentLeagueId, currentRanking, prefectureName, championShipPoint, publicFlg, championFlg, avatarImage
[2026-09-24T17:06:19] [ERROR] [prefecture] シニア(senior) p9: **prefectureId が返ってきていない**。実際の項目名: id, playerId, nickname, currentLeagueId, currentRanking, prefectureName, championShipPoint, publicFlg, championFlg, avatarImage
[2026-09-24T17:06:19] [ERROR] [prefecture] シニア(senior) p10: **prefectureId が返ってきていない**。実際の項目名: id, playerId, nickname, currentLeagueId, currentRanking, prefectureName, championShipPoint, publicFlg, championFlg, avatarImage
[2026-09-24T17:06:19] [ERROR] [prefecture] シニア(senior) p11: **prefectureId が返ってきていない**。実際の項目名: id, playerId, nickname, currentLeagueId, currentRanking, prefectureName, championShipPoint, publicFlg, championFlg, avatarImage
[2026-09-24T17:06:19] [ERROR] [prefecture] シニア(senior) p12: **prefectureId が返ってきていない**。実際の項目名: id, playerId, nickname, currentLeagueId, currentRanking, prefectureName, championShipPoint, publicFlg, championFlg, avatarImage
[2026-09-24T17:06:19] [ERROR] [prefecture] シニア(senior) p13: **prefectureId が返ってきていない**。実際の項目名: id, playerId, nickname, currentLeagueId, currentRanking, prefectureName, championShipPoint, publicFlg, championFlg, avatarImage
[2026-09-24T17:06:19] [ERROR] [prefecture] シニア(senior) p14: **prefectureId が返ってきていない**。実際の項目名: id, playerId, nickname, currentLeagueId, currentRanking, prefectureName, championShipPoint, publicFlg, championFlg, avatarImage
[2026-09-24T17:06:19] [ERROR] [prefecture] シニア(senior) p15: **prefectureId が返ってきていない**。実際の項目名: id, playerId, nickname, currentLeagueId, currentRanking, prefectureName, championShipPoint, publicFlg, championFlg, avatarImage
[2026-09-24T17:06:19] [ERROR] [prefecture] シニア(senior) p16: **prefectureId が返ってきていない**。実際の項目名: id, playerId, nickname, currentLeagueId, currentRanking, prefectureName, championShipPoint, publicFlg, championFlg, avatarImage
[2026-09-24T17:06:19] [ERROR] [prefecture] シニア(senior) p17: **prefectureId が返ってきていない**。実際の項目名: id, playerId, nickname, currentLeagueId, currentRanking, prefectureName, championShipPoint, publicFlg, championFlg, avatarImage
[2026-09-24T17:06:19] [ERROR] [prefecture] シニア(senior) p18: **prefectureId が返ってきていない**。実際の項目名: id, playerId, nickname, currentLeagueId, currentRanking, prefectureName, championShipPoint, publicFlg, championFlg, avatarImage
[2026-09-24T17:06:19] [ERROR] [prefecture] シニア(senior) p19: **prefectureId が返ってきていない**。実際の項目名: id, playerId, nickname, currentLeagueId, currentRanking, prefectureName, championShipPoint, publicFlg, championFlg, avatarImage
[2026-09-24T17:06:19] [ERROR] [prefecture] シニア(senior) p20: **prefectureId が返ってきていない**。実際の項目名: id, playerId, nickname, currentLeagueId, currentRanking, prefectureName, championShipPoint, publicFlg, championFlg, avatarImage
[2026-09-24T17:06:19] [ERROR] [prefecture] シニア(senior) p21: **prefectureId が返ってきていない**。実際の項目名: id, playerId, nickname, currentLeagueId, currentRanking, prefectureName, championShipPoint, publicFlg, championFlg, avatarImage
[2026-09-24T17:06:19] [ERROR] [prefecture] シニア(senior) p22: **prefectureId が返ってきていない**。実際の項目名: id, playerId, nickname, currentLeagueId, currentRanking, prefectureName, championShipPoint, publicFlg, championFlg, avatarImage
[2026-09-24T17:06:19] [ERROR] [prefecture] シニア(senior) p23: **prefectureId が返ってきていない**。実際の項目名: id, playerId, nickname, currentLeagueId, currentRanking, prefectureName, championShipPoint, publicFlg, championFlg, avatarImage
[2026-09-24T17:06:19] [ERROR] [prefecture] シニア(senior) p24: **prefectureId が返ってきていない**。実際の項目名: id, playerId, nickname, currentLeagueId, currentRanking, prefectureName, championShipPoint, publicFlg, championFlg, avatarImage
[2026-09-24T17:06:19] [ERROR] [prefecture] シニア(senior) p25: **prefectureId が返ってきていない**。実際の項目名: id, playerId, nickname, currentLeagueId, currentRanking, prefectureName, championShipPoint, publicFlg, championFlg, avatarImage
[2026-09-24T17:06:19] [ERROR] [prefecture] シニア(senior) p26: **prefectureId が返ってきていない**。実際の項目名: id, playerId, nickname, currentLeagueId, currentRanking, prefectureName, championShipPoint, publicFlg, championFlg, avatarImage
[2026-09-24T17:06:19] [ERROR] [prefecture] シニア(senior) p27: **prefectureId が返ってきていない**。実際の項目名: id, playerId, nickname, currentLeagueId, currentRanking, prefectureName, championShipPoint, publicFlg, championFlg, avatarImage
[2026-09-24T17:06:19] [ERROR] [prefecture] シニア(senior) p28: **prefectureId が返ってきていない**。実際の項目名: id, playerId, nickname, currentLeagueId, currentRanking, prefectureName, championShipPoint, publicFlg, championFlg, avatarImage
[2026-09-24T17:06:19] [ERROR] [prefecture] シニア(senior) p29: **prefectureId が返ってきていない**。実際の項目名: id, playerId, nickname, currentLeagueId, currentRanking, prefectureName, championShipPoint, publicFlg, championFlg, avatarImage
[2026-09-24T17:06:19] [ERROR] [prefecture] シニア(senior) p30: **prefectureId が返ってきていない**。実際の項目名: id, playerId, nickname, currentLeagueId, currentRanking, prefectureName, championShipPoint, publicFlg, championFlg, avatarImage
[2026-09-24T17:06:19] [ERROR] [prefecture] シニア(senior) p31: **prefectureId が返ってきていない**。実際の項目名: id, playerId, nickname, currentLeagueId, currentRanking, prefectureName, championShipPoint, publicFlg, championFlg, avatarImage
[2026-09-24T17:06:19] [ERROR] [prefecture] シニア(senior) p32: **prefectureId が返ってきていない**。実際の項目名: id, playerId, nickname, currentLeagueId, currentRanking, prefectureName, championShipPoint, publicFlg, championFlg, avatarImage
[2026-09-24T17:06:19] [ERROR] [prefecture] シニア(senior) p33: **prefectureId が返ってきていない**。実際の項目名: id, playerId, nickname, currentLeagueId, currentRanking, prefectureName, championShipPoint, publicFlg, championFlg, avatarImage
[2026-09-24T17:06:19] [ERROR] [prefecture] シニア(senior) p34: **prefectureId が返ってきていない**。実際の項目名: id, playerId, nickname, currentLeagueId, currentRanking, prefectureName, championShipPoint, publicFlg, championFlg, avatarImage
[2026-09-24T17:06:19] [ERROR] [prefecture] シニア(senior) p35: **prefectureId が返ってきていない**。実際の項目名: id, playerId, nickname, currentLeagueId, currentRanking, prefectureName, championShipPoint, publicFlg, championFlg, avatarImage
[2026-09-24T17:06:19] [ERROR] [prefecture] シニア(senior) p36: **prefectureId が返ってきていない**。実際の項目名: id, playerId, nickname, currentLeagueId, currentRanking, prefectureName, championShipPoint, publicFlg, championFlg, avatarImage
[2026-09-24T17:06:19] [ERROR] [prefecture] シニア(senior) p37: **prefectureId が返ってきていない**。実際の項目名: id, playerId, nickname, currentLeagueId, currentRanking, prefectureName, championShipPoint, publicFlg, championFlg, avatarImage
[2026-09-24T17:06:19] [ERROR] [prefecture] シニア(senior) p38: **prefectureId が返ってきていない**。実際の項目名: id, playerId, nickname, currentLeagueId, currentRanking, prefectureName, championShipPoint, publicFlg, championFlg, avatarImage
[2026-09-24T17:06:19] [ERROR] [prefecture] シニア(senior) p39: **prefectureId が返ってきていない**。実際の項目名: id, playerId, nickname, currentLeagueId, currentRanking, prefectureName, championShipPoint, publicFlg, championFlg, avatarImage
[2026-09-24T17:06:19] [ERROR] [prefecture] シニア(senior) p40: **prefectureId が返ってきていない**。実際の項目名: id, playerId, nickname, currentLeagueId, currentRanking, prefectureName, championShipPoint, publicFlg, championFlg, avatarImage
[2026-09-24T17:06:19] [ERROR] [prefecture] シニア(senior) p41: **prefectureId が返ってきていない**。実際の項目名: id, playerId, nickname, currentLeagueId, currentRanking, prefectureName, championShipPoint, publicFlg, championFlg, avatarImage
[2026-09-24T17:06:19] [ERROR] [prefecture] シニア(senior) p42: **prefectureId が返ってきていない**。実際の項目名: id, playerId, nickname, currentLeagueId, currentRanking, prefectureName, championShipPoint, publicFlg, championFlg, avatarImage
[2026-09-24T17:06:19] [INFO] シニア (senior) cycle completed. Pages: 42/42, Processed: 840, Dropped: 0.
[2026-09-24T17:06:19] [INFO] Starting new rank fetch cycle for ジュニア (junior)...
[2026-09-24T17:06:19] [ERROR] [prefecture] ジュニア(junior) p1: **prefectureId が返ってきていない**。実際の項目名: id, playerId, nickname, currentLeagueId, currentRanking, prefectureName, championShipPoint, publicFlg, championFlg, avatarImage
[2026-09-24T17:06:19] [ERROR] [prefecture] ジュニア(junior) p2: **prefectureId が返ってきていない**。実際の項目名: id, playerId, nickname, currentLeagueId, currentRanking, prefectureName, championShipPoint, publicFlg, championFlg, avatarImage
[2026-09-24T17:06:19] [ERROR] [prefecture] ジュニア(junior) p3: **prefectureId が返ってきていない**。実際の項目名: id, playerId, nickname, currentLeagueId, currentRanking, prefectureName, championShipPoint, publicFlg, championFlg, avatarImage
[2026-09-24T17:06:19] [ERROR] [prefecture] ジュニア(junior) p4: **prefectureId が返ってきていない**。実際の項目名: id, playerId, nickname, currentLeagueId, currentRanking, prefectureName, championShipPoint, publicFlg, championFlg, avatarImage
[2026-09-24T17:06:19] [ERROR] [prefecture] ジュニア(junior) p5: **prefectureId が返ってきていない**。実際の項目名: id, playerId, nickname, currentLeagueId, currentRanking, prefectureName, championShipPoint, publicFlg, championFlg, avatarImage
[2026-09-24T17:06:19] [ERROR] [prefecture] ジュニア(junior) p6: **prefectureId が返ってきていない**。実際の項目名: id, playerId, nickname, currentLeagueId, currentRanking, prefectureName, championShipPoint, publicFlg, championFlg, avatarImage
[2026-09-24T17:06:19] [ERROR] [prefecture] ジュニア(junior) p7: **prefectureId が返ってきていない**。実際の項目名: id, playerId, nickname, currentLeagueId, currentRanking, prefectureName, championShipPoint, publicFlg, championFlg, avatarImage
[2026-09-24T17:06:19] [ERROR] [prefecture] ジュニア(junior) p8: **prefectureId が返ってきていない**。実際の項目名: id, playerId, nickname, currentLeagueId, currentRanking, prefectureName, championShipPoint, publicFlg, championFlg, avatarImage
[2026-09-24T17:06:19] [ERROR] [prefecture] ジュニア(junior) p9: **prefectureId が返ってきていない**。実際の項目名: id, playerId, nickname, currentLeagueId, currentRanking, prefectureName, championShipPoint, publicFlg, championFlg, avatarImage
[2026-09-24T17:06:19] [ERROR] [prefecture] ジュニア(junior) p10: **prefectureId が返ってきていない**。実際の項目名: id, playerId, nickname, currentLeagueId, currentRanking, prefectureName, championShipPoint, publicFlg, championFlg, avatarImage
[2026-09-24T17:06:19] [ERROR] [prefecture] ジュニア(junior) p11: **prefectureId が返ってきていない**。実際の項目名: id, playerId, nickname, currentLeagueId, currentRanking, prefectureName, championShipPoint, publicFlg, championFlg, avatarImage
[2026-09-24T17:06:19] [ERROR] [prefecture] ジュニア(junior) p12: **prefectureId が返ってきていない**。実際の項目名: id, playerId, nickname, currentLeagueId, currentRanking, prefectureName, championShipPoint, publicFlg, championFlg, avatarImage
[2026-09-24T17:06:19] [ERROR] [prefecture] ジュニア(junior) p13: **prefectureId が返ってきていない**。実際の項目名: id, playerId, nickname, currentLeagueId, currentRanking, prefectureName, championShipPoint, publicFlg, championFlg, avatarImage
[2026-09-24T17:06:19] [ERROR] [prefecture] ジュニア(junior) p14: **prefectureId が返ってきていない**。実際の項目名: id, playerId, nickname, currentLeagueId, currentRanking, prefectureName, championShipPoint, publicFlg, championFlg, avatarImage
[2026-09-24T17:06:19] [ERROR] [prefecture] ジュニア(junior) p15: **prefectureId が返ってきていない**。実際の項目名: id, playerId, nickname, currentLeagueId, currentRanking, prefectureName, championShipPoint, publicFlg, championFlg, avatarImage
[2026-09-24T17:06:19] [ERROR] [prefecture] ジュニア(junior) p16: **prefectureId が返ってきていない**。実際の項目名: id, playerId, nickname, currentLeagueId, currentRanking, prefectureName, championShipPoint, publicFlg, championFlg, avatarImage
[2026-09-24T17:06:19] [ERROR] [prefecture] ジュニア(junior) p17: **prefectureId が返ってきていない**。実際の項目名: id, playerId, nickname, currentLeagueId, currentRanking, prefectureName, championShipPoint, publicFlg, championFlg, avatarImage
[2026-09-24T17:06:19] [ERROR] [prefecture] ジュニア(junior) p18: **prefectureId が返ってきていない**。実際の項目名: id, playerId, nickname, currentLeagueId, currentRanking, prefectureName, championShipPoint, publicFlg, championFlg, avatarImage
[2026-09-24T17:06:19] [ERROR] [prefecture] ジュニア(junior) p19: **prefectureId が返ってきていない**。実際の項目名: id, playerId, nickname, currentLeagueId, currentRanking, prefectureName, championShipPoint, publicFlg, championFlg, avatarImage
[2026-09-24T17:06:19] [ERROR] [prefecture] ジュニア(junior) p20: **prefectureId が返ってきていない**。実際の項目名: id, playerId, nickname, currentLeagueId, currentRanking, prefectureName, championShipPoint, publicFlg, championFlg, avatarImage
[2026-09-24T17:06:19] [ERROR] [prefecture] ジュニア(junior) p21: **prefectureId が返ってきていない**。実際の項目名: id, playerId, nickname, currentLeagueId, currentRanking, prefectureName, championShipPoint, publicFlg, championFlg, avatarImage
[2026-09-24T17:06:19] [ERROR] [prefecture] ジュニア(junior) p22: **prefectureId が返ってきていない**。実際の項目名: id, playerId, nickname, currentLeagueId, currentRanking, prefectureName, championShipPoint, publicFlg, championFlg, avatarImage
[2026-09-24T17:06:19] [ERROR] [prefecture] ジュニア(junior) p23: **prefectureId が返ってきていない**。実際の項目名: id, playerId, nickname, currentLeagueId, currentRanking, prefectureName, championShipPoint, publicFlg, championFlg, avatarImage
[2026-09-24T17:06:19] [ERROR] [prefecture] ジュニア(junior) p24: **prefectureId が返ってきていない**。実際の項目名: id, playerId, nickname, currentLeagueId, currentRanking, prefectureName, championShipPoint, publicFlg, championFlg, avatarImage
[2026-09-24T17:06:19] [ERROR] [prefecture] ジュニア(junior) p25: **prefectureId が返ってきていない**。実際の項目名: id, playerId, nickname, currentLeagueId, currentRanking, prefectureName, championShipPoint, publicFlg, championFlg, avatarImage
[2026-09-24T17:06:19] [ERROR] [prefecture] ジュニア(junior) p26: **prefectureId が返ってきていない**。実際の項目名: id, playerId, nickname, currentLeagueId, currentRanking, prefectureName, championShipPoint, publicFlg, championFlg, avatarImage
[2026-09-24T17:06:19] [ERROR] [prefecture] ジュニア(junior) p27: **prefectureId が返ってきていない**。実際の項目名: id, playerId, nickname, currentLeagueId, currentRanking, prefectureName, championShipPoint, publicFlg, championFlg, avatarImage
[2026-09-24T17:06:19] [ERROR] [prefecture] ジュニア(junior) p28: **prefectureId が返ってきていない**。実際の項目名: id, playerId, nickname, currentLeagueId, currentRanking, prefectureName, championShipPoint, publicFlg, championFlg, avatarImage
[2026-09-24T17:06:19] [ERROR] [prefecture] ジュニア(junior) p29: **prefectureId が返ってきていない**。実際の項目名: id, playerId, nickname, currentLeagueId, currentRanking, prefectureName, championShipPoint, publicFlg, championFlg, avatarImage
[2026-09-24T17:06:19] [INFO] ジュニア (junior) cycle completed. Pages: 29/29, Processed: 580, Dropped: 0.
[2026-09-24T17:06:19] [INFO] --- Player Rank Import Task Completed ---
[2026-09-24T17:06:19] [INFO] --- Starting Player Rank Import Task ---
[2026-09-24T17:06:19] [ERROR] [prefecture] マスター(master) p121: **prefectureId が返ってきていない**。実際の項目名: id, playerId, nickname, currentLeagueId, currentRanking, prefectureName, championShipPoint, publicFlg, championFlg, avatarImage
[2026-09-24T17:06:19] [ERROR] [prefecture] マスター(master) p122: **prefectureId が返ってきていない**。実際の項目名: id, playerId, nickname, currentLeagueId, currentRanking, prefectureName, championShipPoint, publicFlg, championFlg, avatarImage
[2026-09-24T17:06:19] [ERROR] [prefecture] マスター(master) p123: **prefectureId が返ってきていない**。実際の項目名: id, playerId, nickname, currentLeagueId, currentRanking, prefectureName, championShipPoint, publicFlg, championFlg, avatarImage
[2026-09-24T17:06:19] [ERROR] [prefecture] マスター(master) p124: **prefectureId が返ってきていない**。実際の項目名: id, playerId, nickname, currentLeagueId, currentRanking, prefectureName, championShipPoint, publicFlg, championFlg, avatarImage
[2026-09-24T17:06:19] [ERROR] [prefecture] マスター(master) p125: **prefectureId が返ってきていない**。実際の項目名: id, playerId, nickname, currentLeagueId, currentRanking, prefectureName, championShipPoint, publicFlg, championFlg, avatarImage
[2026-09-24T17:06:19] [ERROR] [prefecture] マスター(master) p126: **prefectureId が返ってきていない**。実際の項目名: id, playerId, nickname, currentLeagueId, currentRanking, prefectureName, championShipPoint, publicFlg, championFlg, avatarImage
[2026-09-24T17:06:19] [ERROR] [prefecture] マスター(master) p127: **prefectureId が返ってきていない**。実際の項目名: id, playerId, nickname, currentLeagueId, currentRanking, prefectureName, championShipPoint, publicFlg, championFlg, avatarImage
[2026-09-24T17:06:19] [ERROR] [prefecture] マスター(master) p128: **prefectureId が返ってきていない**。実際の項目名: id, playerId, nickname, currentLeagueId, currentRanking, prefectureName, championShipPoint, publicFlg, championFlg, avatarImage
[2026-09-24T17:06:19] [ERROR] [prefecture] マスター(master) p129: **prefectureId が返ってきていない**。実際の項目名: id, playerId, nickname, currentLeagueId, currentRanking, prefectureName, championShipPoint, publicFlg, championFlg, avatarImage
[2026-09-24T17:06:19] [ERROR] [prefecture] マスター(master) p130: **prefectureId が返ってきていない**。実際の項目名: id, playerId, nickname, currentLeagueId, currentRanking, prefectureName, championShipPoint, publicFlg, championFlg, avatarImage
[2026-09-24T17:06:19] [ERROR] [prefecture] マスター(master) p131: **prefectureId が返ってきていない**。実際の項目名: id, playerId, nickname, currentLeagueId, currentRanking, prefectureName, championShipPoint, publicFlg, championFlg, avatarImage
[2026-09-24T17:06:19] [ERROR] [prefecture] マスター(master) p132: **prefectureId が返ってきていない**。実際の項目名: id, playerId, nickname, currentLeagueId, currentRanking, prefectureName, championShipPoint, publicFlg, championFlg, avatarImage
[2026-09-24T17:06:19] [ERROR] [prefecture] マスター(master) p133: **prefectureId が返ってきていない**。実際の項目名: id, playerId, nickname, currentLeagueId, currentRanking, prefectureName, championShipPoint, publicFlg, championFlg, avatarImage
[2026-09-24T17:06:19] [ERROR] [prefecture] マスター(master) p134: **prefectureId が返ってきていない**。実際の項目名: id, playerId, nickname, currentLeagueId, currentRanking, prefectureName, championShipPoint, publicFlg, championFlg, avatarImage
[2026-09-24T17:06:19] [ERROR] [prefecture] マスター(master) p135: **prefectureId が返ってきていない**。実際の項目名: id, playerId, nickname, currentLeagueId, currentRanking, prefectureName, championShipPoint, publicFlg, championFlg, avatarImage
[2026-09-24T17:06:19] [ERROR] [prefecture] マスター(master) p136: **prefectureId が返ってきていない**。実際の項目名: id, playerId, nickname, currentLeagueId, currentRanking, prefectureName, championShipPoint, publicFlg, championFlg, avatarImage
[2026-09-24T17:06:19] [ERROR] [prefecture] マスター(master) p137: **prefectureId が返ってきていない**。実際の項目名: id, playerId, nickname, currentLeagueId, currentRanking, prefectureName, championShipPoint, publicFlg, championFlg, avatarImage
[2026-09-24T17:06:19] [ERROR] [prefecture] マスター(master) p138: **prefectureId が返ってきていない**。実際の項目名: id, playerId, nickname, currentLeagueId, currentRanking, prefectureName, championShipPoint, publicFlg, championFlg, avatarImage
[2026-09-24T17:06:19] [ERROR] [prefecture] マスター(master) p139: **prefectureId が返ってきていない**。実際の項目名: id, playerId, nickname, currentLeagueId, currentRanking, prefectureName, championShipPoint, publicFlg, championFlg, avatarImage
[2026-09-24T17:06:19] [ERROR] [prefecture] マスター(master) p140: **prefectureId が返ってきていない**。実際の項目名: id, playerId, nickname, currentLeagueId, currentRanking, prefectureName, championShipPoint, publicFlg, championFlg, avatarImage
[2026-09-24T17:06:19] [ERROR] [prefecture] マスター(master) p141: **prefectureId が返ってきていない**。実際の項目名: id, playerId, nickname, currentLeagueId, currentRanking, prefectureName, championShipPoint, publicFlg, championFlg, avatarImage
[2026-09-24T17:06:19] [ERROR] [prefecture] マスター(master) p142: **prefectureId が返ってきていない**。実際の項目名: id, playerId, nickname, currentLeagueId, currentRanking, prefectureName, championShipPoint, publicFlg, championFlg, avatarImage
[2026-09-24T17:06:19] [ERROR] [prefecture] マスター(master) p143: **prefectureId が返ってきていない**。実際の項目名: id, playerId, nickname, currentLeagueId, currentRanking, prefectureName, championShipPoint, publicFlg, championFlg, avatarImage
[2026-09-24T17:06:19] [ERROR] [prefecture] マスター(master) p144: **prefectureId が返ってきていない**。実際の項目名: id, playerId, nickname, currentLeagueId, currentRanking, prefectureName, championShipPoint, publicFlg, championFlg, avatarImage
[2026-09-24T17:06:19] [ERROR] [prefecture] マスター(master) p145: **prefectureId が返ってきていない**。実際の項目名: id, playerId, nickname, currentLeagueId, currentRanking, prefectureName, championShipPoint, publicFlg, championFlg, avatarImage
[2026-09-24T17:06:19] [ERROR] [prefecture] マスター(master) p146: **prefectureId が返ってきていない**。実際の項目名: id, playerId, nickname, currentLeagueId, currentRanking, prefectureName, championShipPoint, publicFlg, championFlg, avatarImage
[2026-09-24T17:06:19] [ERROR] [prefecture] マスター(master) p147: **prefectureId が返ってきていない**。実際の項目名: id, playerId, nickname, currentLeagueId, currentRanking, prefectureName, championShipPoint, publicFlg, championFlg, avatarImage
[2026-09-24T17:06:19] [ERROR] [prefecture] マスター(master) p148: **prefectureId が返ってきていない**。実際の項目名: id, playerId, nickname, currentLeagueId, currentRanking, prefectureName, championShipPoint, publicFlg, championFlg, avatarImage
[2026-09-24T17:06:19] [ERROR] [prefecture] マスター(master) p149: **prefectureId が返ってきていない**。実際の項目名: id, playerId, nickname, currentLeagueId, currentRanking, prefectureName, championShipPoint, publicFlg, championFlg, avatarImage
[2026-09-24T17:06:19] [ERROR] [prefecture] マスター(master) p150: **prefectureId が返ってきていない**。実際の項目名: id, playerId, nickname, currentLeagueId, currentRanking, prefectureName, championShipPoint, publicFlg, championFlg, avatarImage
[2026-09-24T17:06:19] [ERROR] [prefecture] マスター(master) p151: **prefectureId が返ってきていない**。実際の項目名: id, playerId, nickname, currentLeagueId, currentRanking, prefectureName, championShipPoint, publicFlg, championFlg, avatarImage
[2026-09-24T17:06:19] [ERROR] [prefecture] マスター(master) p152: **prefectureId が返ってきていない**。実際の項目名: id, playerId, nickname, currentLeagueId, currentRanking, prefectureName, championShipPoint, publicFlg, championFlg, avatarImage
[2026-09-24T17:06:19] [ERROR] [prefecture] マスター(master) p153: **prefectureId が返ってきていない**。実際の項目名: id, playerId, nickname, currentLeagueId, currentRanking, prefectureName, championShipPoint, publicFlg, championFlg, avatarImage
[2026-09-24T17:06:19] [ERROR] [prefecture] マスター(master) p154: **prefectureId が返ってきていない**。実際の項目名: id, playerId, nickname, currentLeagueId, currentRanking, prefectureName, championShipPoint, publicFlg, championFlg, avatarImage
[2026-09-24T17:06:19] [ERROR] [prefecture] マスター(master) p155: **prefectureId が返ってきていない**。実際の項目名: id, playerId, nickname, currentLeagueId, currentRanking, prefectureName, championShipPoint, publicFlg, championFlg, avatarImage
[2026-09-24T17:06:19] [ERROR] [prefecture] マスター(master) p156: **prefectureId が返ってきていない**。実際の項目名: id, playerId, nickname, currentLeagueId, currentRanking, prefectureName, championShipPoint, publicFlg, championFlg, avatarImage
[2026-09-24T17:06:19] [ERROR] [prefecture] マスター(master) p157: **prefectureId が返ってきていない**。実際の項目名: id, playerId, nickname, currentLeagueId, currentRanking, prefectureName, championShipPoint, publicFlg, championFlg, avatarImage
[2026-09-24T17:06:19] [ERROR] [prefecture] マスター(master) p158: **prefectureId が返ってきていない**。実際の項目名: id, playerId, nickname, currentLeagueId, currentRanking, prefectureName, championShipPoint, publicFlg, championFlg, avatarImage
[2026-09-24T17:06:19] [ERROR] [prefecture] マスター(master) p159: **prefectureId が返ってきていない**。実際の項目名: id, playerId, nickname, currentLeagueId, currentRanking, prefectureName, championShipPoint, publicFlg, championFlg, avatarImage
[2026-09-24T17:06:19] [ERROR] [prefecture] マスター(master) p160: **prefectureId が返ってきていない**。実際の項目名: id, playerId, nickname, currentLeagueId, currentRanking, prefectureName, championShipPoint, publicFlg, championFlg, avatarImage
[2026-09-24T17:06:19] [ERROR] [prefecture] マスター(master) p161: **prefectureId が返ってきていない**。実際の項目名: id, playerId, nickname, currentLeagueId, currentRanking, prefectureName, championShipPoint, publicFlg, championFlg, avatarImage
[2026-09-24T17:06:19] [ERROR] [prefecture] マスター(master) p162: **prefectureId が返ってきていない**。実際の項目名: id, playerId, nickname, currentLeagueId, currentRanking, prefectureName, championShipPoint, publicFlg, championFlg, avatarImage
[2026-09-24T17:06:19] [ERROR] [prefecture] マスター(master) p163: **prefectureId が返ってきていない**。実際の項目名: id, playerId, nickname, currentLeagueId, currentRanking, prefectureName, championShipPoint, publicFlg, championFlg, avatarImage
[2026-09-24T17:06:19] [ERROR] [prefecture] マスター(master) p164: **prefectureId が返ってきていない**。実際の項目名: id, playerId, nickname, currentLeagueId, currentRanking, prefectureName, championShipPoint, publicFlg, championFlg, avatarImage
[2026-09-24T17:06:19] [ERROR] [prefecture] マスター(master) p165: **prefectureId が返ってきていない**。実際の項目名: id, playerId, nickname, currentLeagueId, currentRanking, prefectureName, championShipPoint, publicFlg, championFlg, avatarImage
[2026-09-24T17:06:19] [ERROR] [prefecture] マスター(master) p166: **prefectureId が返ってきていない**。実際の項目名: id, playerId, nickname, currentLeagueId, currentRanking, prefectureName, championShipPoint, publicFlg, championFlg, avatarImage
[2026-09-24T17:06:19] [ERROR] [prefecture] マスター(master) p167: **prefectureId が返ってきていない**。実際の項目名: id, playerId, nickname, currentLeagueId, currentRanking, prefectureName, championShipPoint, publicFlg, championFlg, avatarImage
[2026-09-24T17:06:19] [ERROR] [prefecture] マスター(master) p168: **prefectureId が返ってきていない**。実際の項目名: id, playerId, nickname, currentLeagueId, currentRanking, prefectureName, championShipPoint, publicFlg, championFlg, avatarImage
[2026-09-24T17:06:19] [ERROR] [prefecture] マスター(master) p169: **prefectureId が返ってきていない**。実際の項目名: id, playerId, nickname, currentLeagueId, currentRanking, prefectureName, championShipPoint, publicFlg, championFlg, avatarImage
[2026-09-24T17:06:19] [ERROR] [prefecture] マスター(master) p170: **prefectureId が返ってきていない**。実際の項目名: id, playerId, nickname, currentLeagueId, currentRanking, prefectureName, championShipPoint, publicFlg, championFlg, avatarImage
[2026-09-24T17:06:19] [ERROR] [prefecture] マスター(master) p171: **prefectureId が返ってきていない**。実際の項目名: id, playerId, nickname, currentLeagueId, currentRanking, prefectureName, championShipPoint, publicFlg, championFlg, avatarImage
[2026-09-24T17:06:19] [ERROR] [prefecture] マスター(master) p172: **prefectureId が返ってきていない**。実際の項目名: id, playerId, nickname, currentLeagueId, currentRanking, prefectureName, championShipPoint, publicFlg, championFlg, avatarImage
[2026-09-24T17:06:19] [ERROR] [prefecture] マスター(master) p173: **prefectureId が返ってきていない**。実際の項目名: id, playerId, nickname, currentLeagueId, currentRanking, prefectureName, championShipPoint, publicFlg, championFlg, avatarImage
[2026-09-24T17:06:19] [ERROR] [prefecture] マスター(master) p174: **prefectureId が返ってきていない**。実際の項目名: id, playerId, nickname, currentLeagueId, currentRanking, prefectureName, championShipPoint, publicFlg, championFlg, avatarImage
[2026-09-24T17:06:19] [ERROR] [prefecture] マスター(master) p175: **prefectureId が返ってきていない**。実際の項目名: id, playerId, nickname, currentLeagueId, currentRanking, prefectureName, championShipPoint, publicFlg, championFlg, avatarImage
[2026-09-24T17:06:19] [ERROR] [prefecture] マスター(master) p176: **prefectureId が返ってきていない**。実際の項目名: id, playerId, nickname, currentLeagueId, currentRanking, prefectureName, championShipPoint, publicFlg, championFlg, avatarImage
[2026-09-24T17:06:19] [ERROR] [prefecture] マスター(master) p177: **prefectureId が返ってきていない**。実際の項目名: id, playerId, nickname, currentLeagueId, currentRanking, prefectureName, championShipPoint, publicFlg, championFlg, avatarImage
[2026-09-24T17:06:19] [ERROR] [prefecture] マスター(master) p178: **prefectureId が返ってきていない**。実際の項目名: id, playerId, nickname, currentLeagueId, currentRanking, prefectureName, championShipPoint, publicFlg, championFlg, avatarImage
[2026-09-24T17:06:19] [ERROR] [prefecture] マスター(master) p179: **prefectureId が返ってきていない**。実際の項目名: id, playerId, nickname, currentLeagueId, currentRanking, prefectureName, championShipPoint, publicFlg, championFlg, avatarImage
[2026-09-24T17:06:19] [ERROR] [prefecture] マスター(master) p180: **prefectureId が返ってきていない**。実際の項目名: id, playerId, nickname, currentLeagueId, currentRanking, prefectureName, championShipPoint, publicFlg, championFlg, avatarImage
[2026-09-24T17:06:19] [ERROR] [prefecture] マスター(master) p181: **prefectureId が返ってきていない**。実際の項目名: id, playerId, nickname, currentLeagueId, currentRanking, prefectureName, championShipPoint, publicFlg, championFlg, avatarImage
[2026-09-24T17:06:19] [ERROR] [prefecture] マスター(master) p182: **prefectureId が返ってきていない**。実際の項目名: id, playerId, nickname, currentLeagueId, currentRanking, prefectureName, championShipPoint, publicFlg, championFlg, avatarImage
[2026-09-24T17:06:19] [ERROR] [prefecture] マスター(master) p183: **prefectureId が返ってきていない**。実際の項目名: id, playerId, nickname, currentLeagueId, currentRanking, prefectureName, championShipPoint, publicFlg, championFlg, avatarImage
[2026-09-24T17:06:19] [ERROR] [prefecture] マスター(master) p184: **prefectureId が返ってきていない**。実際の項目名: id, playerId, nickname, currentLeagueId, currentRanking, prefectureName, championShipPoint, publicFlg, championFlg, avatarImage
[2026-09-24T17:06:19] [ERROR] [prefecture] マスター(master) p185: **prefectureId が返ってきていない**。実際の項目名: id, playerId, nickname, currentLeagueId, currentRanking, prefectureName, championShipPoint, publicFlg, championFlg, avatarImage
[2026-09-24T17:06:19] [ERROR] [prefecture] マスター(master) p186: **prefectureId が返ってきていない**。実際の項目名: id, playerId, nickname, currentLeagueId, currentRanking, prefectureName, championShipPoint, publicFlg, championFlg, avatarImage
[2026-09-24T17:06:19] [ERROR] [prefecture] マスター(master) p187: **prefectureId が返ってきていない**。実際の項目名: id, playerId, nickname, currentLeagueId, currentRanking, prefectureName, championShipPoint, publicFlg, championFlg, avatarImage
[2026-09-24T17:06:19] [ERROR] [prefecture] マスター(master) p188: **prefectureId が返ってきていない**。実際の項目名: id, playerId, nickname, currentLeagueId, currentRanking, prefectureName, championShipPoint, publicFlg, championFlg, avatarImage
[2026-09-24T17:06:19] [ERROR] [prefecture] マスター(master) p189: **prefectureId が返ってきていない**。実際の項目名: id, playerId, nickname, currentLeagueId, currentRanking, prefectureName, championShipPoint, publicFlg, championFlg, avatarImage
[2026-09-24T17:06:19] [ERROR] [prefecture] マスター(master) p190: **prefectureId が返ってきていない**。実際の項目名: id, playerId, nickname, currentLeagueId, currentRanking, prefectureName, championShipPoint, publicFlg, championFlg, avatarImage
[2026-09-24T17:06:19] [ERROR] [prefecture] マスター(master) p191: **prefectureId が返ってきていない**。実際の項目名: id, playerId, nickname, currentLeagueId, currentRanking, prefectureName, championShipPoint, publicFlg, championFlg, avatarImage
[2026-09-24T17:06:19] [ERROR] [prefecture] マスター(master) p192: **prefectureId が返ってきていない**。実際の項目名: id, playerId, nickname, currentLeagueId, currentRanking, prefectureName, championShipPoint, publicFlg, championFlg, avatarImage
[2026-09-24T17:06:19] [ERROR] [prefecture] マスター(master) p193: **prefectureId が返ってきていない**。実際の項目名: id, playerId, nickname, currentLeagueId, currentRanking, prefectureName, championShipPoint, publicFlg, championFlg, avatarImage
[2026-09-24T17:06:19] [ERROR] [prefecture] マスター(master) p194: **prefectureId が返ってきていない**。実際の項目名: id, playerId, nickname, currentLeagueId, currentRanking, prefectureName, championShipPoint, publicFlg, championFlg, avatarImage
[2026-09-24T17:06:19] [ERROR] [prefecture] マスター(master) p195: **prefectureId が返ってきていない**。実際の項目名: id, playerId, nickname, currentLeagueId, currentRanking, prefectureName, championShipPoint, publicFlg, championFlg, avatarImage
[2026-09-24T17:06:19] [ERROR] [prefecture] マスター(master) p196: **prefectureId が返ってきていない**。実際の項目名: id, playerId, nickname, currentLeagueId, currentRanking, prefectureName, championShipPoint, publicFlg, championFlg, avatarImage
[2026-09-24T17:06:19] [ERROR] [prefecture] マスター(master) p197: **prefectureId が返ってきていない**。実際の項目名: id, playerId, nickname, currentLeagueId, currentRanking, prefectureName, championShipPoint, publicFlg, championFlg, avatarImage
[2026-09-24T17:06:19] [ERROR] [prefecture] マスター(master) p198: **prefectureId が返ってきていない**。実際の項目名: id, playerId, nickname, currentLeagueId, currentRanking, prefectureName, championShipPoint, publicFlg, championFlg, avatarImage
[2026-09-24T17:06:19] [ERROR] [prefecture] マスター(master) p199: **prefectureId が返ってきていない**。実際の項目名: id, playerId, nickname, currentLeagueId, currentRanking, prefectureName, championShipPoint, publicFlg, championFlg, avatarImage
[2026-09-24T17:06:19] [ERROR] [prefecture] マスター(master) p200: **prefectureId が返ってきていない**。実際の項目名: id, playerId, nickname, currentLeagueId, currentRanking, prefectureName, championShipPoint, publicFlg, championFlg, avatarImage
[2026-09-24T17:06:19] [ERROR] [prefecture] マスター(master) p201: **prefectureId が返ってきていない**。実際の項目名: id, playerId, nickname, currentLeagueId, currentRanking, prefectureName, championShipPoint, publicFlg, championFlg, avatarImage
[2026-09-24T17:06:19] [ERROR] [prefecture] マスター(master) p202: **prefectureId が返ってきていない**。実際の項目名: id, playerId, nickname, currentLeagueId, currentRanking, prefectureName, championShipPoint, publicFlg, championFlg, avatarImage
[2026-09-24T17:06:19] [ERROR] [prefecture] マスター(master) p203: **prefectureId が返ってきていない**。実際の項目名: id, playerId, nickname, currentLeagueId, currentRanking, prefectureName, championShipPoint, publicFlg, championFlg, avatarImage
[2026-09-24T17:06:19] [ERROR] [prefecture] マスター(master) p204: **prefectureId が返ってきていない**。実際の項目名: id, playerId, nickname, currentLeagueId, currentRanking, prefectureName, championShipPoint, publicFlg, championFlg, avatarImage
[2026-09-24T17:06:19] [ERROR] [prefecture] マスター(master) p205: **prefectureId が返ってきていない**。実際の項目名: id, playerId, nickname, currentLeagueId, currentRanking, prefectureName, championShipPoint, publicFlg, championFlg, avatarImage
[2026-09-24T17:06:19] [ERROR] [prefecture] マスター(master) p206: **prefectureId が返ってきていない**。実際の項目名: id, playerId, nickname, currentLeagueId, currentRanking, prefectureName, championShipPoint, publicFlg, championFlg, avatarImage
[2026-09-24T17:06:19] [ERROR] [prefecture] マスター(master) p207: **prefectureId が返ってきていない**。実際の項目名: id, playerId, nickname, currentLeagueId, currentRanking, prefectureName, championShipPoint, publicFlg, championFlg, avatarImage
[2026-09-24T17:06:19] [ERROR] [prefecture] マスター(master) p208: **prefectureId が返ってきていない**。実際の項目名: id, playerId, nickname, currentLeagueId, currentRanking, prefectureName, championShipPoint, publicFlg, championFlg, avatarImage
[2026-09-24T17:06:19] [ERROR] [prefecture] マスター(master) p209: **prefectureId が返ってきていない**。実際の項目名: id, playerId, nickname, currentLeagueId, currentRanking, prefectureName, championShipPoint, publicFlg, championFlg, avatarImage
[2026-09-24T17:06:19] [ERROR] [prefecture] マスター(master) p210: **prefectureId が返ってきていない**。実際の項目名: id, playerId, nickname, currentLeagueId, currentRanking, prefectureName, championShipPoint, publicFlg, championFlg, avatarImage
[2026-09-24T17:06:19] [ERROR] [prefecture] マスター(master) p211: **prefectureId が返ってきていない**。実際の項目名: id, playerId, nickname, currentLeagueId, currentRanking, prefectureName, championShipPoint, publicFlg, championFlg, avatarImage
[2026-09-24T17:06:19] [ERROR] [prefecture] マスター(master) p212: **prefectureId が返ってきていない**。実際の項目名: id, playerId, nickname, currentLeagueId, currentRanking, prefectureName, championShipPoint, publicFlg, championFlg, avatarImage
[2026-09-24T17:06:19] [ERROR] [prefecture] マスター(master) p213: **prefectureId が返ってきていない**。実際の項目名: id, playerId, nickname, currentLeagueId, currentRanking, prefectureName, championShipPoint, publicFlg, championFlg, avatarImage
[2026-09-24T17:06:19] [ERROR] [prefecture] マスター(master) p214: **prefectureId が返ってきていない**。実際の項目名: id, playerId, nickname, currentLeagueId, currentRanking, prefectureName, championShipPoint, publicFlg, championFlg, avatarImage
[2026-09-24T17:06:19] [ERROR] [prefecture] マスター(master) p215: **prefectureId が返ってきていない**。実際の項目名: id, playerId, nickname, currentLeagueId, currentRanking, prefectureName, championShipPoint, publicFlg, championFlg, avatarImage
[2026-09-24T17:06:19] [ERROR] [prefecture] マスター(master) p216: **prefectureId が返ってきていない**。実際の項目名: id, playerId, nickname, currentLeagueId, currentRanking, prefectureName, championShipPoint, publicFlg, championFlg, avatarImage
[2026-09-24T17:06:19] [ERROR] [prefecture] マスター(master) p217: **prefectureId が返ってきていない**。実際の項目名: id, playerId, nickname, currentLeagueId, currentRanking, prefectureName, championShipPoint, publicFlg, championFlg, avatarImage
[2026-09-24T17:06:19] [ERROR] [prefecture] マスター(master) p218: **prefectureId が返ってきていない**。実際の項目名: id, playerId, nickname, currentLeagueId, currentRanking, prefectureName, championShipPoint, publicFlg, championFlg, avatarImage
[2026-09-24T17:06:19] [ERROR] [prefecture] マスター(master) p219: **prefectureId が返ってきていない**。実際の項目名: id, playerId, nickname, currentLeagueId, currentRanking, prefectureName, championShipPoint, publicFlg, championFlg, avatarImage
[2026-09-24T17:06:19] [ERROR] [prefecture] マスター(master) p220: **prefectureId が返ってきていない**。実際の項目名: id, playerId, nickname, currentLeagueId, currentRanking, prefectureName, championShipPoint, publicFlg, championFlg, avatarImage
[2026-09-24T17:06:19] [ERROR] [prefecture] マスター(master) p221: **prefectureId が返ってきていない**。実際の項目名: id, playerId, nickname, currentLeagueId, currentRanking, prefectureName, championShipPoint, publicFlg, championFlg, avatarImage
[2026-09-24T17:06:19] [ERROR] [prefecture] マスター(master) p222: **prefectureId が返ってきていない**。実際の項目名: id, playerId, nickname, currentLeagueId, currentRanking, prefectureName, championShipPoint, publicFlg, championFlg, avatarImage
[2026-09-24T17:06:19] [ERROR] [prefecture] マスター(master) p223: **prefectureId が返ってきていない**。実際の項目名: id, playerId, nickname, currentLeagueId, currentRanking, prefectureName, championShipPoint, publicFlg, championFlg, avatarImage
[2026-09-24T17:06:19] [ERROR] [prefecture] マスター(master) p224: **prefectureId が返ってきていない**。実際の項目名: id, playerId, nickname, currentLeagueId, currentRanking, prefectureName, championShipPoint, publicFlg, championFlg, avatarImage
[2026-09-24T17:06:19] [ERROR] [prefecture] マスター(master) p225: **prefectureId が返ってきていない**。実際の項目名: id, playerId, nickname, currentLeagueId, currentRanking, prefectureName, championShipPoint, publicFlg, championFlg, avatarImage
[2026-09-24T17:06:19] [ERROR] [prefecture] マスター(master) p226: **prefectureId が返ってきていない**。実際の項目名: id, playerId, nickname, currentLeagueId, currentRanking, prefectureName, championShipPoint, publicFlg, championFlg, avatarImage
[2026-09-24T17:06:19] [ERROR] [prefecture] マスター(master) p227: **prefectureId が返ってきていない**。実際の項目名: id, playerId, nickname, currentLeagueId, currentRanking, prefectureName, championShipPoint, publicFlg, championFlg, avatarImage
[2026-09-24T17:06:19] [ERROR] [prefecture] マスター(master) p228: **prefectureId が返ってきていない**。実際の項目名: id, playerId, nickname, currentLeagueId, currentRanking, prefectureName, championShipPoint, publicFlg, championFlg, avatarImage
[2026-09-24T17:06:19] [ERROR] [prefecture] マスター(master) p229: **prefectureId が返ってきていない**。実際の項目名: id, playerId, nickname, currentLeagueId, currentRanking, prefectureName, championShipPoint, publicFlg, championFlg, avatarImage
[2026-09-24T17:06:19] [ERROR] [prefecture] マスター(master) p230: **prefectureId が返ってきていない**。実際の項目名: id, playerId, nickname, currentLeagueId, currentRanking, prefectureName, championShipPoint, publicFlg, championFlg, avatarImage
[2026-09-24T17:06:19] [ERROR] [prefecture] マスター(master) p231: **prefectureId が返ってきていない**。実際の項目名: id, playerId, nickname, currentLeagueId, currentRanking, prefectureName, championShipPoint, publicFlg, championFlg, avatarImage
[2026-09-24T17:06:19] [ERROR] [prefecture] マスター(master) p232: **prefectureId が返ってきていない**。実際の項目名: id, playerId, nickname, currentLeagueId, currentRanking, prefectureName, championShipPoint, publicFlg, championFlg, avatarImage
[2026-09-24T17:06:19] [ERROR] [prefecture] マスター(master) p233: **prefectureId が返ってきていない**。実際の項目名: id, playerId, nickname, currentLeagueId, currentRanking, prefectureName, championShipPoint, publicFlg, championFlg, avatarImage
[2026-09-24T17:06:19] [ERROR] [prefecture] マスター(master) p234: **prefectureId が返ってきていない**。実際の項目名: id, playerId, nickname, currentLeagueId, currentRanking, prefectureName, championShipPoint, publicFlg, championFlg, avatarImage
[2026-09-24T17:06:19] [ERROR] [prefecture] マスター(master) p235: **prefectureId が返ってきていない**。実際の項目名: id, playerId, nickname, currentLeagueId, currentRanking, prefectureName, championShipPoint, publicFlg, championFlg, avatarImage
[2026-09-24T17:06:19] [ERROR] [prefecture] マスター(master) p236: **prefectureId が返ってきていない**。実際の項目名: id, playerId, nickname, currentLeagueId, currentRanking, prefectureName, championShipPoint, publicFlg, championFlg, avatarImage
[2026-09-24T17:06:19] [ERROR] [prefecture] マスター(master) p237: **prefectureId が返ってきていない**。実際の項目名: id, playerId, nickname, currentLeagueId, currentRanking, prefectureName, championShipPoint, publicFlg, championFlg, avatarImage
[2026-09-24T17:06:19] [ERROR] [prefecture] マスター(master) p238: **prefectureId が返ってきていない**。実際の項目名: id, playerId, nickname, currentLeagueId, currentRanking, prefectureName, championShipPoint, publicFlg, championFlg, avatarImage
[2026-09-24T17:06:19] [ERROR] [prefecture] マスター(master) p239: **prefectureId が返ってきていない**。実際の項目名: id, playerId, nickname, currentLeagueId, currentRanking, prefectureName, championShipPoint, publicFlg, championFlg, avatarImage
[2026-09-24T17:06:19] [ERROR] [prefecture] マスター(master) p240: **prefectureId が返ってきていない**。実際の項目名: id, playerId, nickname, currentLeagueId, currentRanking, prefectureName, championShipPoint, publicFlg, championFlg, avatarImage
[2026-09-24T17:06:19] [INFO] マスター (master) batch fetched 2400 players (pages 240/243, offset: 4800).
[2026-09-24T17:06:19] [INFO] Starting new rank fetch cycle for シニア (senior)...
[2026-09-24T17:06:19] [ERROR] [prefecture] シニア(senior) p1: **prefectureId が返ってきていない**。実際の項目名: id, playerId, nickname, currentLeagueId, currentRanking, prefectureName, championShipPoint, publicFlg, championFlg, avatarImage
[2026-09-24T17:06:19] [ERROR] [prefecture] シニア(senior) p2: **prefectureId が返ってきていない**。実際の項目名: id, playerId, nickname, currentLeagueId, currentRanking, prefectureName, championShipPoint, publicFlg, championFlg, avatarImage
[2026-09-24T17:06:19] [ERROR] [prefecture] シニア(senior) p3: **prefectureId が返ってきていない**。実際の項目名: id, playerId, nickname, currentLeagueId, currentRanking, prefectureName, championShipPoint, publicFlg, championFlg, avatarImage
[2026-09-24T17:06:19] [ERROR] [prefecture] シニア(senior) p4: **prefectureId が返ってきていない**。実際の項目名: id, playerId, nickname, currentLeagueId, currentRanking, prefectureName, championShipPoint, publicFlg, championFlg, avatarImage
[2026-09-24T17:06:19] [ERROR] [prefecture] シニア(senior) p5: **prefectureId が返ってきていない**。実際の項目名: id, playerId, nickname, currentLeagueId, currentRanking, prefectureName, championShipPoint, publicFlg, championFlg, avatarImage
[2026-09-24T17:06:19] [ERROR] [prefecture] シニア(senior) p6: **prefectureId が返ってきていない**。実際の項目名: id, playerId, nickname, currentLeagueId, currentRanking, prefectureName, championShipPoint, publicFlg, championFlg, avatarImage
[2026-09-24T17:06:19] [ERROR] [prefecture] シニア(senior) p7: **prefectureId が返ってきていない**。実際の項目名: id, playerId, nickname, currentLeagueId, currentRanking, prefectureName, championShipPoint, publicFlg, championFlg, avatarImage
[2026-09-24T17:06:19] [ERROR] [prefecture] シニア(senior) p8: **prefectureId が返ってきていない**。実際の項目名: id, playerId, nickname, currentLeagueId, currentRanking, prefectureName, championShipPoint, publicFlg, championFlg, avatarImage
[2026-09-24T17:06:19] [ERROR] [prefecture] シニア(senior) p9: **prefectureId が返ってきていない**。実際の項目名: id, playerId, nickname, currentLeagueId, currentRanking, prefectureName, championShipPoint, publicFlg, championFlg, avatarImage
[2026-09-24T17:06:19] [ERROR] [prefecture] シニア(senior) p10: **prefectureId が返ってきていない**。実際の項目名: id, playerId, nickname, currentLeagueId, currentRanking, prefectureName, championShipPoint, publicFlg, championFlg, avatarImage
[2026-09-24T17:06:19] [ERROR] [prefecture] シニア(senior) p11: **prefectureId が返ってきていない**。実際の項目名: id, playerId, nickname, currentLeagueId, currentRanking, prefectureName, championShipPoint, publicFlg, championFlg, avatarImage
[2026-09-24T17:06:19] [ERROR] [prefecture] シニア(senior) p12: **prefectureId が返ってきていない**。実際の項目名: id, playerId, nickname, currentLeagueId, currentRanking, prefectureName, championShipPoint, publicFlg, championFlg, avatarImage
[2026-09-24T17:06:19] [ERROR] [prefecture] シニア(senior) p13: **prefectureId が返ってきていない**。実際の項目名: id, playerId, nickname, currentLeagueId, currentRanking, prefectureName, championShipPoint, publicFlg, championFlg, avatarImage
[2026-09-24T17:06:19] [ERROR] [prefecture] シニア(senior) p14: **prefectureId が返ってきていない**。実際の項目名: id, playerId, nickname, currentLeagueId, currentRanking, prefectureName, championShipPoint, publicFlg, championFlg, avatarImage
[2026-09-24T17:06:19] [ERROR] [prefecture] シニア(senior) p15: **prefectureId が返ってきていない**。実際の項目名: id, playerId, nickname, currentLeagueId, currentRanking, prefectureName, championShipPoint, publicFlg, championFlg, avatarImage
[2026-09-24T17:06:19] [ERROR] [prefecture] シニア(senior) p16: **prefectureId が返ってきていない**。実際の項目名: id, playerId, nickname, currentLeagueId, currentRanking, prefectureName, championShipPoint, publicFlg, championFlg, avatarImage
[2026-09-24T17:06:19] [ERROR] [prefecture] シニア(senior) p17: **prefectureId が返ってきていない**。実際の項目名: id, playerId, nickname, currentLeagueId, currentRanking, prefectureName, championShipPoint, publicFlg, championFlg, avatarImage
[2026-09-24T17:06:19] [ERROR] [prefecture] シニア(senior) p18: **prefectureId が返ってきていない**。実際の項目名: id, playerId, nickname, currentLeagueId, currentRanking, prefectureName, championShipPoint, publicFlg, championFlg, avatarImage
[2026-09-24T17:06:19] [ERROR] [prefecture] シニア(senior) p19: **prefectureId が返ってきていない**。実際の項目名: id, playerId, nickname, currentLeagueId, currentRanking, prefectureName, championShipPoint, publicFlg, championFlg, avatarImage
[2026-09-24T17:06:19] [ERROR] [prefecture] シニア(senior) p20: **prefectureId が返ってきていない**。実際の項目名: id, playerId, nickname, currentLeagueId, currentRanking, prefectureName, championShipPoint, publicFlg, championFlg, avatarImage
[2026-09-24T17:06:19] [ERROR] [prefecture] シニア(senior) p21: **prefectureId が返ってきていない**。実際の項目名: id, playerId, nickname, currentLeagueId, currentRanking, prefectureName, championShipPoint, publicFlg, championFlg, avatarImage
[2026-09-24T17:06:19] [ERROR] [prefecture] シニア(senior) p22: **prefectureId が返ってきていない**。実際の項目名: id, playerId, nickname, currentLeagueId, currentRanking, prefectureName, championShipPoint, publicFlg, championFlg, avatarImage
[2026-09-24T17:06:19] [ERROR] [prefecture] シニア(senior) p23: **prefectureId が返ってきていない**。実際の項目名: id, playerId, nickname, currentLeagueId, currentRanking, prefectureName, championShipPoint, publicFlg, championFlg, avatarImage
[2026-09-24T17:06:19] [ERROR] [prefecture] シニア(senior) p24: **prefectureId が返ってきていない**。実際の項目名: id, playerId, nickname, currentLeagueId, currentRanking, prefectureName, championShipPoint, publicFlg, championFlg, avatarImage
[2026-09-24T17:06:19] [ERROR] [prefecture] シニア(senior) p25: **prefectureId が返ってきていない**。実際の項目名: id, playerId, nickname, currentLeagueId, currentRanking, prefectureName, championShipPoint, publicFlg, championFlg, avatarImage
[2026-09-24T17:06:19] [ERROR] [prefecture] シニア(senior) p26: **prefectureId が返ってきていない**。実際の項目名: id, playerId, nickname, currentLeagueId, currentRanking, prefectureName, championShipPoint, publicFlg, championFlg, avatarImage
[2026-09-24T17:06:19] [ERROR] [prefecture] シニア(senior) p27: **prefectureId が返ってきていない**。実際の項目名: id, playerId, nickname, currentLeagueId, currentRanking, prefectureName, championShipPoint, publicFlg, championFlg, avatarImage
[2026-09-24T17:06:19] [ERROR] [prefecture] シニア(senior) p28: **prefectureId が返ってきていない**。実際の項目名: id, playerId, nickname, currentLeagueId, currentRanking, prefectureName, championShipPoint, publicFlg, championFlg, avatarImage
[2026-09-24T17:06:19] [ERROR] [prefecture] シニア(senior) p29: **prefectureId が返ってきていない**。実際の項目名: id, playerId, nickname, currentLeagueId, currentRanking, prefectureName, championShipPoint, publicFlg, championFlg, avatarImage
[2026-09-24T17:06:19] [ERROR] [prefecture] シニア(senior) p30: **prefectureId が返ってきていない**。実際の項目名: id, playerId, nickname, currentLeagueId, currentRanking, prefectureName, championShipPoint, publicFlg, championFlg, avatarImage
[2026-09-24T17:06:19] [ERROR] [prefecture] シニア(senior) p31: **prefectureId が返ってきていない**。実際の項目名: id, playerId, nickname, currentLeagueId, currentRanking, prefectureName, championShipPoint, publicFlg, championFlg, avatarImage
[2026-09-24T17:06:19] [ERROR] [prefecture] シニア(senior) p32: **prefectureId が返ってきていない**。実際の項目名: id, playerId, nickname, currentLeagueId, currentRanking, prefectureName, championShipPoint, publicFlg, championFlg, avatarImage
[2026-09-24T17:06:19] [ERROR] [prefecture] シニア(senior) p33: **prefectureId が返ってきていない**。実際の項目名: id, playerId, nickname, currentLeagueId, currentRanking, prefectureName, championShipPoint, publicFlg, championFlg, avatarImage
[2026-09-24T17:06:19] [ERROR] [prefecture] シニア(senior) p34: **prefectureId が返ってきていない**。実際の項目名: id, playerId, nickname, currentLeagueId, currentRanking, prefectureName, championShipPoint, publicFlg, championFlg, avatarImage
[2026-09-24T17:06:19] [ERROR] [prefecture] シニア(senior) p35: **prefectureId が返ってきていない**。実際の項目名: id, playerId, nickname, currentLeagueId, currentRanking, prefectureName, championShipPoint, publicFlg, championFlg, avatarImage
[2026-09-24T17:06:19] [ERROR] [prefecture] シニア(senior) p36: **prefectureId が返ってきていない**。実際の項目名: id, playerId, nickname, currentLeagueId, currentRanking, prefectureName, championShipPoint, publicFlg, championFlg, avatarImage
[2026-09-24T17:06:19] [ERROR] [prefecture] シニア(senior) p37: **prefectureId が返ってきていない**。実際の項目名: id, playerId, nickname, currentLeagueId, currentRanking, prefectureName, championShipPoint, publicFlg, championFlg, avatarImage
[2026-09-24T17:06:19] [ERROR] [prefecture] シニア(senior) p38: **prefectureId が返ってきていない**。実際の項目名: id, playerId, nickname, currentLeagueId, currentRanking, prefectureName, championShipPoint, publicFlg, championFlg, avatarImage
[2026-09-24T17:06:19] [ERROR] [prefecture] シニア(senior) p39: **prefectureId が返ってきていない**。実際の項目名: id, playerId, nickname, currentLeagueId, currentRanking, prefectureName, championShipPoint, publicFlg, championFlg, avatarImage
[2026-09-24T17:06:19] [ERROR] [prefecture] シニア(senior) p40: **prefectureId が返ってきていない**。実際の項目名: id, playerId, nickname, currentLeagueId, currentRanking, prefectureName, championShipPoint, publicFlg, championFlg, avatarImage
[2026-09-24T17:06:19] [ERROR] [prefecture] シニア(senior) p41: **prefectureId が返ってきていない**。実際の項目名: id, playerId, nickname, currentLeagueId, currentRanking, prefectureName, championShipPoint, publicFlg, championFlg, avatarImage
[2026-09-24T17:06:19] [ERROR] [prefecture] シニア(senior) p42: **prefectureId が返ってきていない**。実際の項目名: id, playerId, nickname, currentLeagueId, currentRanking, prefectureName, championShipPoint, publicFlg, championFlg, avatarImage
[2026-09-24T17:06:19] [INFO] シニア (senior) cycle completed. Pages: 42/42, Processed: 840, Dropped: 0.
[2026-09-24T17:06:19] [INFO] Starting new rank fetch cycle for ジュニア (junior)...
[2026-09-24T17:06:19] [ERROR] [prefecture] ジュニア(junior) p1: **prefectureId が返ってきていない**。実際の項目名: id, playerId, nickname, currentLeagueId, currentRanking, prefectureName, championShipPoint, publicFlg, championFlg, avatarImage
[2026-09-24T17:06:19] [ERROR] [prefecture] ジュニア(junior) p2: **prefectureId が返ってきていない**。実際の項目名: id, playerId, nickname, currentLeagueId, currentRanking, prefectureName, championShipPoint, publicFlg, championFlg, avatarImage
[2026-09-24T17:06:19] [ERROR] [prefecture] ジュニア(junior) p3: **prefectureId が返ってきていない**。実際の項目名: id, playerId, nickname, currentLeagueId, currentRanking, prefectureName, championShipPoint, publicFlg, championFlg, avatarImage
[2026-09-24T17:06:19] [ERROR] [prefecture] ジュニア(junior) p4: **prefectureId が返ってきていない**。実際の項目名: id, playerId, nickname, currentLeagueId, currentRanking, prefectureName, championShipPoint, publicFlg, championFlg, avatarImage
[2026-09-24T17:06:19] [ERROR] [prefecture] ジュニア(junior) p5: **prefectureId が返ってきていない**。実際の項目名: id, playerId, nickname, currentLeagueId, currentRanking, prefectureName, championShipPoint, publicFlg, championFlg, avatarImage
[2026-09-24T17:06:19] [ERROR] [prefecture] ジュニア(junior) p6: **prefectureId が返ってきていない**。実際の項目名: id, playerId, nickname, currentLeagueId, currentRanking, prefectureName, championShipPoint, publicFlg, championFlg, avatarImage
[2026-09-24T17:06:19] [ERROR] [prefecture] ジュニア(junior) p7: **prefectureId が返ってきていない**。実際の項目名: id, playerId, nickname, currentLeagueId, currentRanking, prefectureName, championShipPoint, publicFlg, championFlg, avatarImage
[2026-09-24T17:06:19] [ERROR] [prefecture] ジュニア(junior) p8: **prefectureId が返ってきていない**。実際の項目名: id, playerId, nickname, currentLeagueId, currentRanking, prefectureName, championShipPoint, publicFlg, championFlg, avatarImage
[2026-09-24T17:06:19] [ERROR] [prefecture] ジュニア(junior) p9: **prefectureId が返ってきていない**。実際の項目名: id, playerId, nickname, currentLeagueId, currentRanking, prefectureName, championShipPoint, publicFlg, championFlg, avatarImage
[2026-09-24T17:06:19] [ERROR] [prefecture] ジュニア(junior) p10: **prefectureId が返ってきていない**。実際の項目名: id, playerId, nickname, currentLeagueId, currentRanking, prefectureName, championShipPoint, publicFlg, championFlg, avatarImage
[2026-09-24T17:06:19] [ERROR] [prefecture] ジュニア(junior) p11: **prefectureId が返ってきていない**。実際の項目名: id, playerId, nickname, currentLeagueId, currentRanking, prefectureName, championShipPoint, publicFlg, championFlg, avatarImage
[2026-09-24T17:06:19] [ERROR] [prefecture] ジュニア(junior) p12: **prefectureId が返ってきていない**。実際の項目名: id, playerId, nickname, currentLeagueId, currentRanking, prefectureName, championShipPoint, publicFlg, championFlg, avatarImage
[2026-09-24T17:06:19] [ERROR] [prefecture] ジュニア(junior) p13: **prefectureId が返ってきていない**。実際の項目名: id, playerId, nickname, currentLeagueId, currentRanking, prefectureName, championShipPoint, publicFlg, championFlg, avatarImage
[2026-09-24T17:06:19] [ERROR] [prefecture] ジュニア(junior) p14: **prefectureId が返ってきていない**。実際の項目名: id, playerId, nickname, currentLeagueId, currentRanking, prefectureName, championShipPoint, publicFlg, championFlg, avatarImage
[2026-09-24T17:06:19] [ERROR] [prefecture] ジュニア(junior) p15: **prefectureId が返ってきていない**。実際の項目名: id, playerId, nickname, currentLeagueId, currentRanking, prefectureName, championShipPoint, publicFlg, championFlg, avatarImage
[2026-09-24T17:06:19] [ERROR] [prefecture] ジュニア(junior) p16: **prefectureId が返ってきていない**。実際の項目名: id, playerId, nickname, currentLeagueId, currentRanking, prefectureName, championShipPoint, publicFlg, championFlg, avatarImage
[2026-09-24T17:06:19] [ERROR] [prefecture] ジュニア(junior) p17: **prefectureId が返ってきていない**。実際の項目名: id, playerId, nickname, currentLeagueId, currentRanking, prefectureName, championShipPoint, publicFlg, championFlg, avatarImage
[2026-09-24T17:06:19] [ERROR] [prefecture] ジュニア(junior) p18: **prefectureId が返ってきていない**。実際の項目名: id, playerId, nickname, currentLeagueId, currentRanking, prefectureName, championShipPoint, publicFlg, championFlg, avatarImage
[2026-09-24T17:06:19] [ERROR] [prefecture] ジュニア(junior) p19: **prefectureId が返ってきていない**。実際の項目名: id, playerId, nickname, currentLeagueId, currentRanking, prefectureName, championShipPoint, publicFlg, championFlg, avatarImage
[2026-09-24T17:06:19] [ERROR] [prefecture] ジュニア(junior) p20: **prefectureId が返ってきていない**。実際の項目名: id, playerId, nickname, currentLeagueId, currentRanking, prefectureName, championShipPoint, publicFlg, championFlg, avatarImage
[2026-09-24T17:06:19] [ERROR] [prefecture] ジュニア(junior) p21: **prefectureId が返ってきていない**。実際の項目名: id, playerId, nickname, currentLeagueId, currentRanking, prefectureName, championShipPoint, publicFlg, championFlg, avatarImage
[2026-09-24T17:06:19] [ERROR] [prefecture] ジュニア(junior) p22: **prefectureId が返ってきていない**。実際の項目名: id, playerId, nickname, currentLeagueId, currentRanking, prefectureName, championShipPoint, publicFlg, championFlg, avatarImage
[2026-09-24T17:06:19] [ERROR] [prefecture] ジュニア(junior) p23: **prefectureId が返ってきていない**。実際の項目名: id, playerId, nickname, currentLeagueId, currentRanking, prefectureName, championShipPoint, publicFlg, championFlg, avatarImage
[2026-09-24T17:06:19] [ERROR] [prefecture] ジュニア(junior) p24: **prefectureId が返ってきていない**。実際の項目名: id, playerId, nickname, currentLeagueId, currentRanking, prefectureName, championShipPoint, publicFlg, championFlg, avatarImage
[2026-09-24T17:06:19] [ERROR] [prefecture] ジュニア(junior) p25: **prefectureId が返ってきていない**。実際の項目名: id, playerId, nickname, currentLeagueId, currentRanking, prefectureName, championShipPoint, publicFlg, championFlg, avatarImage
[2026-09-24T17:06:19] [ERROR] [prefecture] ジュニア(junior) p26: **prefectureId が返ってきていない**。実際の項目名: id, playerId, nickname, currentLeagueId, currentRanking, prefectureName, championShipPoint, publicFlg, championFlg, avatarImage
[2026-09-24T17:06:19] [ERROR] [prefecture] ジュニア(junior) p27: **prefectureId が返ってきていない**。実際の項目名: id, playerId, nickname, currentLeagueId, currentRanking, prefectureName, championShipPoint, publicFlg, championFlg, avatarImage
[2026-09-24T17:06:19] [ERROR] [prefecture] ジュニア(junior) p28: **prefectureId が返ってきていない**。実際の項目名: id, playerId, nickname, currentLeagueId, currentRanking, prefectureName, championShipPoint, publicFlg, championFlg, avatarImage
[2026-09-24T17:06:19] [ERROR] [prefecture] ジュニア(junior) p29: **prefectureId が返ってきていない**。実際の項目名: id, playerId, nickname, currentLeagueId, currentRanking, prefectureName, championShipPoint, publicFlg, championFlg, avatarImage
[2026-09-24T17:06:19] [INFO] ジュニア (junior) cycle completed. Pages: 29/29, Processed: 580, Dropped: 0.
[2026-09-24T17:06:19] [INFO] --- Player Rank Import Task Completed ---
[2026-09-24T17:06:19] [INFO] --- Starting Player Rank Import Task ---
[2026-09-24T17:06:19] [ERROR] [prefecture] マスター(master) p241: **prefectureId が返ってきていない**。実際の項目名: id, playerId, nickname, currentLeagueId, currentRanking, prefectureName, championShipPoint, publicFlg, championFlg, avatarImage
[2026-09-24T17:06:19] [ERROR] [prefecture] マスター(master) p242: **prefectureId が返ってきていない**。実際の項目名: id, playerId, nickname, currentLeagueId, currentRanking, prefectureName, championShipPoint, publicFlg, championFlg, avatarImage
[2026-09-24T17:06:19] [ERROR] [prefecture] マスター(master) p243: **prefectureId が返ってきていない**。実際の項目名: id, playerId, nickname, currentLeagueId, currentRanking, prefectureName, championShipPoint, publicFlg, championFlg, avatarImage
[2026-09-24T17:06:19] [INFO] マスター (master) cycle completed. Pages: 243/243, Processed: 60, Dropped: 0.
[2026-09-24T17:06:19] [INFO] Starting new rank fetch cycle for シニア (senior)...
[2026-09-24T17:06:19] [ERROR] [prefecture] シニア(senior) p1: **prefectureId が返ってきていない**。実際の項目名: id, playerId, nickname, currentLeagueId, currentRanking, prefectureName, championShipPoint, publicFlg, championFlg, avatarImage
[2026-09-24T17:06:19] [ERROR] [prefecture] シニア(senior) p2: **prefectureId が返ってきていない**。実際の項目名: id, playerId, nickname, currentLeagueId, currentRanking, prefectureName, championShipPoint, publicFlg, championFlg, avatarImage
[2026-09-24T17:06:19] [ERROR] [prefecture] シニア(senior) p3: **prefectureId が返ってきていない**。実際の項目名: id, playerId, nickname, currentLeagueId, currentRanking, prefectureName, championShipPoint, publicFlg, championFlg, avatarImage
[2026-09-24T17:06:19] [ERROR] [prefecture] シニア(senior) p4: **prefectureId が返ってきていない**。実際の項目名: id, playerId, nickname, currentLeagueId, currentRanking, prefectureName, championShipPoint, publicFlg, championFlg, avatarImage
[2026-09-24T17:06:19] [ERROR] [prefecture] シニア(senior) p5: **prefectureId が返ってきていない**。実際の項目名: id, playerId, nickname, currentLeagueId, currentRanking, prefectureName, championShipPoint, publicFlg, championFlg, avatarImage
[2026-09-24T17:06:19] [ERROR] [prefecture] シニア(senior) p6: **prefectureId が返ってきていない**。実際の項目名: id, playerId, nickname, currentLeagueId, currentRanking, prefectureName, championShipPoint, publicFlg, championFlg, avatarImage
[2026-09-24T17:06:19] [ERROR] [prefecture] シニア(senior) p7: **prefectureId が返ってきていない**。実際の項目名: id, playerId, nickname, currentLeagueId, currentRanking, prefectureName, championShipPoint, publicFlg, championFlg, avatarImage
[2026-09-24T17:06:19] [ERROR] [prefecture] シニア(senior) p8: **prefectureId が返ってきていない**。実際の項目名: id, playerId, nickname, currentLeagueId, currentRanking, prefectureName, championShipPoint, publicFlg, championFlg, avatarImage
[2026-09-24T17:06:19] [ERROR] [prefecture] シニア(senior) p9: **prefectureId が返ってきていない**。実際の項目名: id, playerId, nickname, currentLeagueId, currentRanking, prefectureName, championShipPoint, publicFlg, championFlg, avatarImage
[2026-09-24T17:06:19] [ERROR] [prefecture] シニア(senior) p10: **prefectureId が返ってきていない**。実際の項目名: id, playerId, nickname, currentLeagueId, currentRanking, prefectureName, championShipPoint, publicFlg, championFlg, avatarImage
[2026-09-24T17:06:19] [ERROR] [prefecture] シニア(senior) p11: **prefectureId が返ってきていない**。実際の項目名: id, playerId, nickname, currentLeagueId, currentRanking, prefectureName, championShipPoint, publicFlg, championFlg, avatarImage
[2026-09-24T17:06:19] [ERROR] [prefecture] シニア(senior) p12: **prefectureId が返ってきていない**。実際の項目名: id, playerId, nickname, currentLeagueId, currentRanking, prefectureName, championShipPoint, publicFlg, championFlg, avatarImage
[2026-09-24T17:06:19] [ERROR] [prefecture] シニア(senior) p13: **prefectureId が返ってきていない**。実際の項目名: id, playerId, nickname, currentLeagueId, currentRanking, prefectureName, championShipPoint, publicFlg, championFlg, avatarImage
[2026-09-24T17:06:19] [ERROR] [prefecture] シニア(senior) p14: **prefectureId が返ってきていない**。実際の項目名: id, playerId, nickname, currentLeagueId, currentRanking, prefectureName, championShipPoint, publicFlg, championFlg, avatarImage
[2026-09-24T17:06:19] [ERROR] [prefecture] シニア(senior) p15: **prefectureId が返ってきていない**。実際の項目名: id, playerId, nickname, currentLeagueId, currentRanking, prefectureName, championShipPoint, publicFlg, championFlg, avatarImage
[2026-09-24T17:06:19] [ERROR] [prefecture] シニア(senior) p16: **prefectureId が返ってきていない**。実際の項目名: id, playerId, nickname, currentLeagueId, currentRanking, prefectureName, championShipPoint, publicFlg, championFlg, avatarImage
[2026-09-24T17:06:19] [ERROR] [prefecture] シニア(senior) p17: **prefectureId が返ってきていない**。実際の項目名: id, playerId, nickname, currentLeagueId, currentRanking, prefectureName, championShipPoint, publicFlg, championFlg, avatarImage
[2026-09-24T17:06:19] [ERROR] [prefecture] シニア(senior) p18: **prefectureId が返ってきていない**。実際の項目名: id, playerId, nickname, currentLeagueId, currentRanking, prefectureName, championShipPoint, publicFlg, championFlg, avatarImage
[2026-09-24T17:06:19] [ERROR] [prefecture] シニア(senior) p19: **prefectureId が返ってきていない**。実際の項目名: id, playerId, nickname, currentLeagueId, currentRanking, prefectureName, championShipPoint, publicFlg, championFlg, avatarImage
[2026-09-24T17:06:19] [ERROR] [prefecture] シニア(senior) p20: **prefectureId が返ってきていない**。実際の項目名: id, playerId, nickname, currentLeagueId, currentRanking, prefectureName, championShipPoint, publicFlg, championFlg, avatarImage
[2026-09-24T17:06:19] [ERROR] [prefecture] シニア(senior) p21: **prefectureId が返ってきていない**。実際の項目名: id, playerId, nickname, currentLeagueId, currentRanking, prefectureName, championShipPoint, publicFlg, championFlg, avatarImage
[2026-09-24T17:06:19] [ERROR] [prefecture] シニア(senior) p22: **prefectureId が返ってきていない**。実際の項目名: id, playerId, nickname, currentLeagueId, currentRanking, prefectureName, championShipPoint, publicFlg, championFlg, avatarImage
[2026-09-24T17:06:19] [ERROR] [prefecture] シニア(senior) p23: **prefectureId が返ってきていない**。実際の項目名: id, playerId, nickname, currentLeagueId, currentRanking, prefectureName, championShipPoint, publicFlg, championFlg, avatarImage
[2026-09-24T17:06:19] [ERROR] [prefecture] シニア(senior) p24: **prefectureId が返ってきていない**。実際の項目名: id, playerId, nickname, currentLeagueId, currentRanking, prefectureName, championShipPoint, publicFlg, championFlg, avatarImage
[2026-09-24T17:06:19] [ERROR] [prefecture] シニア(senior) p25: **prefectureId が返ってきていない**。実際の項目名: id, playerId, nickname, currentLeagueId, currentRanking, prefectureName, championShipPoint, publicFlg, championFlg, avatarImage
[2026-09-24T17:06:19] [ERROR] [prefecture] シニア(senior) p26: **prefectureId が返ってきていない**。実際の項目名: id, playerId, nickname, currentLeagueId, currentRanking, prefectureName, championShipPoint, publicFlg, championFlg, avatarImage
[2026-09-24T17:06:19] [ERROR] [prefecture] シニア(senior) p27: **prefectureId が返ってきていない**。実際の項目名: id, playerId, nickname, currentLeagueId, currentRanking, prefectureName, championShipPoint, publicFlg, championFlg, avatarImage
[2026-09-24T17:06:19] [ERROR] [prefecture] シニア(senior) p28: **prefectureId が返ってきていない**。実際の項目名: id, playerId, nickname, currentLeagueId, currentRanking, prefectureName, championShipPoint, publicFlg, championFlg, avatarImage
[2026-09-24T17:06:19] [ERROR] [prefecture] シニア(senior) p29: **prefectureId が返ってきていない**。実際の項目名: id, playerId, nickname, currentLeagueId, currentRanking, prefectureName, championShipPoint, publicFlg, championFlg, avatarImage
[2026-09-24T17:06:19] [ERROR] [prefecture] シニア(senior) p30: **prefectureId が返ってきていない**。実際の項目名: id, playerId, nickname, currentLeagueId, currentRanking, prefectureName, championShipPoint, publicFlg, championFlg, avatarImage
[2026-09-24T17:06:19] [ERROR] [prefecture] シニア(senior) p31: **prefectureId が返ってきていない**。実際の項目名: id, playerId, nickname, currentLeagueId, currentRanking, prefectureName, championShipPoint, publicFlg, championFlg, avatarImage
[2026-09-24T17:06:19] [ERROR] [prefecture] シニア(senior) p32: **prefectureId が返ってきていない**。実際の項目名: id, playerId, nickname, currentLeagueId, currentRanking, prefectureName, championShipPoint, publicFlg, championFlg, avatarImage
[2026-09-24T17:06:19] [ERROR] [prefecture] シニア(senior) p33: **prefectureId が返ってきていない**。実際の項目名: id, playerId, nickname, currentLeagueId, currentRanking, prefectureName, championShipPoint, publicFlg, championFlg, avatarImage
[2026-09-24T17:06:19] [ERROR] [prefecture] シニア(senior) p34: **prefectureId が返ってきていない**。実際の項目名: id, playerId, nickname, currentLeagueId, currentRanking, prefectureName, championShipPoint, publicFlg, championFlg, avatarImage
[2026-09-24T17:06:19] [ERROR] [prefecture] シニア(senior) p35: **prefectureId が返ってきていない**。実際の項目名: id, playerId, nickname, currentLeagueId, currentRanking, prefectureName, championShipPoint, publicFlg, championFlg, avatarImage
[2026-09-24T17:06:19] [ERROR] [prefecture] シニア(senior) p36: **prefectureId が返ってきていない**。実際の項目名: id, playerId, nickname, currentLeagueId, currentRanking, prefectureName, championShipPoint, publicFlg, championFlg, avatarImage
[2026-09-24T17:06:19] [ERROR] [prefecture] シニア(senior) p37: **prefectureId が返ってきていない**。実際の項目名: id, playerId, nickname, currentLeagueId, currentRanking, prefectureName, championShipPoint, publicFlg, championFlg, avatarImage
[2026-09-24T17:06:19] [ERROR] [prefecture] シニア(senior) p38: **prefectureId が返ってきていない**。実際の項目名: id, playerId, nickname, currentLeagueId, currentRanking, prefectureName, championShipPoint, publicFlg, championFlg, avatarImage
[2026-09-24T17:06:19] [ERROR] [prefecture] シニア(senior) p39: **prefectureId が返ってきていない**。実際の項目名: id, playerId, nickname, currentLeagueId, currentRanking, prefectureName, championShipPoint, publicFlg, championFlg, avatarImage
[2026-09-24T17:06:19] [ERROR] [prefecture] シニア(senior) p40: **prefectureId が返ってきていない**。実際の項目名: id, playerId, nickname, currentLeagueId, currentRanking, prefectureName, championShipPoint, publicFlg, championFlg, avatarImage
[2026-09-24T17:06:19] [ERROR] [prefecture] シニア(senior) p41: **prefectureId が返ってきていない**。実際の項目名: id, playerId, nickname, currentLeagueId, currentRanking, prefectureName, championShipPoint, publicFlg, championFlg, avatarImage
[2026-09-24T17:06:19] [ERROR] [prefecture] シニア(senior) p42: **prefectureId が返ってきていない**。実際の項目名: id, playerId, nickname, currentLeagueId, currentRanking, prefectureName, championShipPoint, publicFlg, championFlg, avatarImage
[2026-09-24T17:06:19] [INFO] シニア (senior) cycle completed. Pages: 42/42, Processed: 840, Dropped: 0.
[2026-09-24T17:06:19] [INFO] Starting new rank fetch cycle for ジュニア (junior)...
[2026-09-24T17:06:19] [ERROR] [prefecture] ジュニア(junior) p1: **prefectureId が返ってきていない**。実際の項目名: id, playerId, nickname, currentLeagueId, currentRanking, prefectureName, championShipPoint, publicFlg, championFlg, avatarImage
[2026-09-24T17:06:19] [ERROR] [prefecture] ジュニア(junior) p2: **prefectureId が返ってきていない**。実際の項目名: id, playerId, nickname, currentLeagueId, currentRanking, prefectureName, championShipPoint, publicFlg, championFlg, avatarImage
[2026-09-24T17:06:19] [ERROR] [prefecture] ジュニア(junior) p3: **prefectureId が返ってきていない**。実際の項目名: id, playerId, nickname, currentLeagueId, currentRanking, prefectureName, championShipPoint, publicFlg, championFlg, avatarImage
[2026-09-24T17:06:19] [ERROR] [prefecture] ジュニア(junior) p4: **prefectureId が返ってきていない**。実際の項目名: id, playerId, nickname, currentLeagueId, currentRanking, prefectureName, championShipPoint, publicFlg, championFlg, avatarImage
[2026-09-24T17:06:19] [ERROR] [prefecture] ジュニア(junior) p5: **prefectureId が返ってきていない**。実際の項目名: id, playerId, nickname, currentLeagueId, currentRanking, prefectureName, championShipPoint, publicFlg, championFlg, avatarImage
[2026-09-24T17:06:19] [ERROR] [prefecture] ジュニア(junior) p6: **prefectureId が返ってきていない**。実際の項目名: id, playerId, nickname, currentLeagueId, currentRanking, prefectureName, championShipPoint, publicFlg, championFlg, avatarImage
[2026-09-24T17:06:19] [ERROR] [prefecture] ジュニア(junior) p7: **prefectureId が返ってきていない**。実際の項目名: id, playerId, nickname, currentLeagueId, currentRanking, prefectureName, championShipPoint, publicFlg, championFlg, avatarImage
[2026-09-24T17:06:19] [ERROR] [prefecture] ジュニア(junior) p8: **prefectureId が返ってきていない**。実際の項目名: id, playerId, nickname, currentLeagueId, currentRanking, prefectureName, championShipPoint, publicFlg, championFlg, avatarImage
[2026-09-24T17:06:19] [ERROR] [prefecture] ジュニア(junior) p9: **prefectureId が返ってきていない**。実際の項目名: id, playerId, nickname, currentLeagueId, currentRanking, prefectureName, championShipPoint, publicFlg, championFlg, avatarImage
[2026-09-24T17:06:19] [ERROR] [prefecture] ジュニア(junior) p10: **prefectureId が返ってきていない**。実際の項目名: id, playerId, nickname, currentLeagueId, currentRanking, prefectureName, championShipPoint, publicFlg, championFlg, avatarImage
[2026-09-24T17:06:19] [ERROR] [prefecture] ジュニア(junior) p11: **prefectureId が返ってきていない**。実際の項目名: id, playerId, nickname, currentLeagueId, currentRanking, prefectureName, championShipPoint, publicFlg, championFlg, avatarImage
[2026-09-24T17:06:19] [ERROR] [prefecture] ジュニア(junior) p12: **prefectureId が返ってきていない**。実際の項目名: id, playerId, nickname, currentLeagueId, currentRanking, prefectureName, championShipPoint, publicFlg, championFlg, avatarImage
[2026-09-24T17:06:19] [ERROR] [prefecture] ジュニア(junior) p13: **prefectureId が返ってきていない**。実際の項目名: id, playerId, nickname, currentLeagueId, currentRanking, prefectureName, championShipPoint, publicFlg, championFlg, avatarImage
[2026-09-24T17:06:19] [ERROR] [prefecture] ジュニア(junior) p14: **prefectureId が返ってきていない**。実際の項目名: id, playerId, nickname, currentLeagueId, currentRanking, prefectureName, championShipPoint, publicFlg, championFlg, avatarImage
[2026-09-24T17:06:19] [ERROR] [prefecture] ジュニア(junior) p15: **prefectureId が返ってきていない**。実際の項目名: id, playerId, nickname, currentLeagueId, currentRanking, prefectureName, championShipPoint, publicFlg, championFlg, avatarImage
[2026-09-24T17:06:19] [ERROR] [prefecture] ジュニア(junior) p16: **prefectureId が返ってきていない**。実際の項目名: id, playerId, nickname, currentLeagueId, currentRanking, prefectureName, championShipPoint, publicFlg, championFlg, avatarImage
[2026-09-24T17:06:19] [ERROR] [prefecture] ジュニア(junior) p17: **prefectureId が返ってきていない**。実際の項目名: id, playerId, nickname, currentLeagueId, currentRanking, prefectureName, championShipPoint, publicFlg, championFlg, avatarImage
[2026-09-24T17:06:19] [ERROR] [prefecture] ジュニア(junior) p18: **prefectureId が返ってきていない**。実際の項目名: id, playerId, nickname, currentLeagueId, currentRanking, prefectureName, championShipPoint, publicFlg, championFlg, avatarImage
[2026-09-24T17:06:19] [ERROR] [prefecture] ジュニア(junior) p19: **prefectureId が返ってきていない**。実際の項目名: id, playerId, nickname, currentLeagueId, currentRanking, prefectureName, championShipPoint, publicFlg, championFlg, avatarImage
[2026-09-24T17:06:19] [ERROR] [prefecture] ジュニア(junior) p20: **prefectureId が返ってきていない**。実際の項目名: id, playerId, nickname, currentLeagueId, currentRanking, prefectureName, championShipPoint, publicFlg, championFlg, avatarImage
[2026-09-24T17:06:19] [ERROR] [prefecture] ジュニア(junior) p21: **prefectureId が返ってきていない**。実際の項目名: id, playerId, nickname, currentLeagueId, currentRanking, prefectureName, championShipPoint, publicFlg, championFlg, avatarImage
[2026-09-24T17:06:19] [ERROR] [prefecture] ジュニア(junior) p22: **prefectureId が返ってきていない**。実際の項目名: id, playerId, nickname, currentLeagueId, currentRanking, prefectureName, championShipPoint, publicFlg, championFlg, avatarImage
[2026-09-24T17:06:19] [ERROR] [prefecture] ジュニア(junior) p23: **prefectureId が返ってきていない**。実際の項目名: id, playerId, nickname, currentLeagueId, currentRanking, prefectureName, championShipPoint, publicFlg, championFlg, avatarImage
[2026-09-24T17:06:19] [ERROR] [prefecture] ジュニア(junior) p24: **prefectureId が返ってきていない**。実際の項目名: id, playerId, nickname, currentLeagueId, currentRanking, prefectureName, championShipPoint, publicFlg, championFlg, avatarImage
[2026-09-24T17:06:19] [ERROR] [prefecture] ジュニア(junior) p25: **prefectureId が返ってきていない**。実際の項目名: id, playerId, nickname, currentLeagueId, currentRanking, prefectureName, championShipPoint, publicFlg, championFlg, avatarImage
[2026-09-24T17:06:19] [ERROR] [prefecture] ジュニア(junior) p26: **prefectureId が返ってきていない**。実際の項目名: id, playerId, nickname, currentLeagueId, currentRanking, prefectureName, championShipPoint, publicFlg, championFlg, avatarImage
[2026-09-24T17:06:19] [ERROR] [prefecture] ジュニア(junior) p27: **prefectureId が返ってきていない**。実際の項目名: id, playerId, nickname, currentLeagueId, currentRanking, prefectureName, championShipPoint, publicFlg, championFlg, avatarImage
[2026-09-24T17:06:19] [ERROR] [prefecture] ジュニア(junior) p28: **prefectureId が返ってきていない**。実際の項目名: id, playerId, nickname, currentLeagueId, currentRanking, prefectureName, championShipPoint, publicFlg, championFlg, avatarImage
[2026-09-24T17:06:19] [ERROR] [prefecture] ジュニア(junior) p29: **prefectureId が返ってきていない**。実際の項目名: id, playerId, nickname, currentLeagueId, currentRanking, prefectureName, championShipPoint, publicFlg, championFlg, avatarImage
[2026-09-24T17:06:19] [INFO] ジュニア (junior) cycle completed. Pages: 29/29, Processed: 580, Dropped: 0.
[2026-09-24T17:06:19] [INFO] --- Player Rank Import Task Completed ---
[2026-09-24T17:06:24] [INFO] --- Starting Player Rank Import Task ---
[2026-09-24T17:06:24] [INFO] Starting new rank fetch cycle for マスター (master)...
[2026-09-24T17:06:24] [ERROR] [prefecture] マスター(master) p1: **prefectureId が返ってきていない**。実際の項目名: id, playerId, nickname, currentLeagueId, currentRanking, prefectureName, championShipPoint, publicFlg, championFlg, avatarImage
[2026-09-24T17:06:24] [ERROR] [prefecture] マスター(master) p2: **prefectureId が返ってきていない**。実際の項目名: id, playerId, nickname, currentLeagueId, currentRanking, prefectureName, championShipPoint, publicFlg, championFlg, avatarImage
[2026-09-24T17:06:24] [ERROR] [prefecture] マスター(master) p3: **prefectureId が返ってきていない**。実際の項目名: id, playerId, nickname, currentLeagueId, currentRanking, prefectureName, championShipPoint, publicFlg, championFlg, avatarImage
[2026-09-24T17:06:24] [ERROR] [prefecture] マスター(master) p4: **prefectureId が返ってきていない**。実際の項目名: id, playerId, nickname, currentLeagueId, currentRanking, prefectureName, championShipPoint, publicFlg, championFlg, avatarImage
[2026-09-24T17:06:24] [ERROR] [prefecture] マスター(master) p5: **prefectureId が返ってきていない**。実際の項目名: id, playerId, nickname, currentLeagueId, currentRanking, prefectureName, championShipPoint, publicFlg, championFlg, avatarImage
[2026-09-24T17:06:24] [ERROR] [prefecture] マスター(master) p6: **prefectureId が返ってきていない**。実際の項目名: id, playerId, nickname, currentLeagueId, currentRanking, prefectureName, championShipPoint, publicFlg, championFlg, avatarImage
[2026-09-24T17:06:24] [ERROR] [prefecture] マスター(master) p7: **prefectureId が返ってきていない**。実際の項目名: id, playerId, nickname, currentLeagueId, currentRanking, prefectureName, championShipPoint, publicFlg, championFlg, avatarImage
[2026-09-24T17:06:24] [ERROR] [prefecture] マスター(master) p8: **prefectureId が返ってきていない**。実際の項目名: id, playerId, nickname, currentLeagueId, currentRanking, prefectureName, championShipPoint, publicFlg, championFlg, avatarImage
[2026-09-24T17:06:24] [ERROR] [prefecture] マスター(master) p9: **prefectureId が返ってきていない**。実際の項目名: id, playerId, nickname, currentLeagueId, currentRanking, prefectureName, championShipPoint, publicFlg, championFlg, avatarImage
[2026-09-24T17:06:24] [ERROR] [prefecture] マスター(master) p10: **prefectureId が返ってきていない**。実際の項目名: id, playerId, nickname, currentLeagueId, currentRanking, prefectureName, championShipPoint, publicFlg, championFlg, avatarImage
[2026-09-24T17:06:24] [ERROR] [prefecture] マスター(master) p11: **prefectureId が返ってきていない**。実際の項目名: id, playerId, nickname, currentLeagueId, currentRanking, prefectureName, championShipPoint, publicFlg, championFlg, avatarImage
[2026-09-24T17:06:24] [ERROR] [prefecture] マスター(master) p12: **prefectureId が返ってきていない**。実際の項目名: id, playerId, nickname, currentLeagueId, currentRanking, prefectureName, championShipPoint, publicFlg, championFlg, avatarImage
[2026-09-24T17:06:24] [ERROR] [prefecture] マスター(master) p13: **prefectureId が返ってきていない**。実際の項目名: id, playerId, nickname, currentLeagueId, currentRanking, prefectureName, championShipPoint, publicFlg, championFlg, avatarImage
[2026-09-24T17:06:24] [ERROR] [prefecture] マスター(master) p14: **prefectureId が返ってきていない**。実際の項目名: id, playerId, nickname, currentLeagueId, currentRanking, prefectureName, championShipPoint, publicFlg, championFlg, avatarImage
[2026-09-24T17:06:24] [ERROR] [prefecture] マスター(master) p15: **prefectureId が返ってきていない**。実際の項目名: id, playerId, nickname, currentLeagueId, currentRanking, prefectureName, championShipPoint, publicFlg, championFlg, avatarImage
[2026-09-24T17:06:24] [ERROR] [prefecture] マスター(master) p16: **prefectureId が返ってきていない**。実際の項目名: id, playerId, nickname, currentLeagueId, currentRanking, prefectureName, championShipPoint, publicFlg, championFlg, avatarImage
[2026-09-24T17:06:24] [ERROR] [prefecture] マスター(master) p17: **prefectureId が返ってきていない**。実際の項目名: id, playerId, nickname, currentLeagueId, currentRanking, prefectureName, championShipPoint, publicFlg, championFlg, avatarImage
[2026-09-24T17:06:24] [ERROR] [prefecture] マスター(master) p18: **prefectureId が返ってきていない**。実際の項目名: id, playerId, nickname, currentLeagueId, currentRanking, prefectureName, championShipPoint, publicFlg, championFlg, avatarImage
[2026-09-24T17:06:24] [ERROR] [prefecture] マスター(master) p19: **prefectureId が返ってきていない**。実際の項目名: id, playerId, nickname, currentLeagueId, currentRanking, prefectureName, championShipPoint, publicFlg, championFlg, avatarImage
[2026-09-24T17:06:24] [ERROR] [prefecture] マスター(master) p20: **prefectureId が返ってきていない**。実際の項目名: id, playerId, nickname, currentLeagueId, currentRanking, prefectureName, championShipPoint, publicFlg, championFlg, avatarImage
[2026-09-24T17:06:24] [ERROR] [prefecture] マスター(master) p21: **prefectureId が返ってきていない**。実際の項目名: id, playerId, nickname, currentLeagueId, currentRanking, prefectureName, championShipPoint, publicFlg, championFlg, avatarImage
[2026-09-24T17:06:24] [ERROR] [prefecture] マスター(master) p22: **prefectureId が返ってきていない**。実際の項目名: id, playerId, nickname, currentLeagueId, currentRanking, prefectureName, championShipPoint, publicFlg, championFlg, avatarImage
[2026-09-24T17:06:24] [ERROR] [prefecture] マスター(master) p23: **prefectureId が返ってきていない**。実際の項目名: id, playerId, nickname, currentLeagueId, currentRanking, prefectureName, championShipPoint, publicFlg, championFlg, avatarImage
[2026-09-24T17:06:24] [ERROR] [prefecture] マスター(master) p24: **prefectureId が返ってきていない**。実際の項目名: id, playerId, nickname, currentLeagueId, currentRanking, prefectureName, championShipPoint, publicFlg, championFlg, avatarImage
[2026-09-24T17:06:24] [ERROR] [prefecture] マスター(master) p25: **prefectureId が返ってきていない**。実際の項目名: id, playerId, nickname, currentLeagueId, currentRanking, prefectureName, championShipPoint, publicFlg, championFlg, avatarImage
[2026-09-24T17:06:24] [ERROR] [prefecture] マスター(master) p26: **prefectureId が返ってきていない**。実際の項目名: id, playerId, nickname, currentLeagueId, currentRanking, prefectureName, championShipPoint, publicFlg, championFlg, avatarImage
[2026-09-24T17:06:24] [ERROR] [prefecture] マスター(master) p27: **prefectureId が返ってきていない**。実際の項目名: id, playerId, nickname, currentLeagueId, currentRanking, prefectureName, championShipPoint, publicFlg, championFlg, avatarImage
[2026-09-24T17:06:24] [ERROR] [prefecture] マスター(master) p28: **prefectureId が返ってきていない**。実際の項目名: id, playerId, nickname, currentLeagueId, currentRanking, prefectureName, championShipPoint, publicFlg, championFlg, avatarImage
[2026-09-24T17:06:24] [ERROR] [prefecture] マスター(master) p29: **prefectureId が返ってきていない**。実際の項目名: id, playerId, nickname, currentLeagueId, currentRanking, prefectureName, championShipPoint, publicFlg, championFlg, avatarImage
[2026-09-24T17:06:24] [ERROR] [prefecture] マスター(master) p30: **prefectureId が返ってきていない**。実際の項目名: id, playerId, nickname, currentLeagueId, currentRanking, prefectureName, championShipPoint, publicFlg, championFlg, avatarImage
[2026-09-24T17:06:24] [ERROR] [prefecture] マスター(master) p31: **prefectureId が返ってきていない**。実際の項目名: id, playerId, nickname, currentLeagueId, currentRanking, prefectureName, championShipPoint, publicFlg, championFlg, avatarImage
[2026-09-24T17:06:24] [ERROR] [prefecture] マスター(master) p32: **prefectureId が返ってきていない**。実際の項目名: id, playerId, nickname, currentLeagueId, currentRanking, prefectureName, championShipPoint, publicFlg, championFlg, avatarImage
[2026-09-24T17:06:24] [ERROR] [prefecture] マスター(master) p33: **prefectureId が返ってきていない**。実際の項目名: id, playerId, nickname, currentLeagueId, currentRanking, prefectureName, championShipPoint, publicFlg, championFlg, avatarImage
[2026-09-24T17:06:24] [ERROR] [prefecture] マスター(master) p34: **prefectureId が返ってきていない**。実際の項目名: id, playerId, nickname, currentLeagueId, currentRanking, prefectureName, championShipPoint, publicFlg, championFlg, avatarImage
[2026-09-24T17:06:24] [ERROR] [prefecture] マスター(master) p35: **prefectureId が返ってきていない**。実際の項目名: id, playerId, nickname, currentLeagueId, currentRanking, prefectureName, championShipPoint, publicFlg, championFlg, avatarImage
[2026-09-24T17:06:24] [ERROR] [prefecture] マスター(master) p36: **prefectureId が返ってきていない**。実際の項目名: id, playerId, nickname, currentLeagueId, currentRanking, prefectureName, championShipPoint, publicFlg, championFlg, avatarImage
[2026-09-24T17:06:24] [ERROR] [prefecture] マスター(master) p37: **prefectureId が返ってきていない**。実際の項目名: id, playerId, nickname, currentLeagueId, currentRanking, prefectureName, championShipPoint, publicFlg, championFlg, avatarImage
[2026-09-24T17:06:24] [ERROR] [prefecture] マスター(master) p38: **prefectureId が返ってきていない**。実際の項目名: id, playerId, nickname, currentLeagueId, currentRanking, prefectureName, championShipPoint, publicFlg, championFlg, avatarImage
[2026-09-24T17:06:24] [ERROR] [prefecture] マスター(master) p39: **prefectureId が返ってきていない**。実際の項目名: id, playerId, nickname, currentLeagueId, currentRanking, prefectureName, championShipPoint, publicFlg, championFlg, avatarImage
[2026-09-24T17:06:24] [ERROR] [prefecture] マスター(master) p40: **prefectureId が返ってきていない**。実際の項目名: id, playerId, nickname, currentLeagueId, currentRanking, prefectureName, championShipPoint, publicFlg, championFlg, avatarImage
[2026-09-24T17:06:24] [ERROR] [prefecture] マスター(master) p41: **prefectureId が返ってきていない**。実際の項目名: id, playerId, nickname, currentLeagueId, currentRanking, prefectureName, championShipPoint, publicFlg, championFlg, avatarImage
[2026-09-24T17:06:24] [ERROR] [prefecture] マスター(master) p42: **prefectureId が返ってきていない**。実際の項目名: id, playerId, nickname, currentLeagueId, currentRanking, prefectureName, championShipPoint, publicFlg, championFlg, avatarImage
[2026-09-24T17:06:24] [ERROR] [prefecture] マスター(master) p43: **prefectureId が返ってきていない**。実際の項目名: id, playerId, nickname, currentLeagueId, currentRanking, prefectureName, championShipPoint, publicFlg, championFlg, avatarImage
[2026-09-24T17:06:24] [ERROR] [prefecture] マスター(master) p44: **prefectureId が返ってきていない**。実際の項目名: id, playerId, nickname, currentLeagueId, currentRanking, prefectureName, championShipPoint, publicFlg, championFlg, avatarImage
[2026-09-24T17:06:24] [ERROR] [prefecture] マスター(master) p45: **prefectureId が返ってきていない**。実際の項目名: id, playerId, nickname, currentLeagueId, currentRanking, prefectureName, championShipPoint, publicFlg, championFlg, avatarImage
[2026-09-24T17:06:24] [ERROR] [prefecture] マスター(master) p46: **prefectureId が返ってきていない**。実際の項目名: id, playerId, nickname, currentLeagueId, currentRanking, prefectureName, championShipPoint, publicFlg, championFlg, avatarImage
[2026-09-24T17:06:24] [ERROR] [prefecture] マスター(master) p47: **prefectureId が返ってきていない**。実際の項目名: id, playerId, nickname, currentLeagueId, currentRanking, prefectureName, championShipPoint, publicFlg, championFlg, avatarImage
[2026-09-24T17:06:24] [ERROR] [prefecture] マスター(master) p48: **prefectureId が返ってきていない**。実際の項目名: id, playerId, nickname, currentLeagueId, currentRanking, prefectureName, championShipPoint, publicFlg, championFlg, avatarImage
[2026-09-24T17:06:24] [ERROR] [prefecture] マスター(master) p49: **prefectureId が返ってきていない**。実際の項目名: id, playerId, nickname, currentLeagueId, currentRanking, prefectureName, championShipPoint, publicFlg, championFlg, avatarImage
[2026-09-24T17:06:24] [ERROR] [prefecture] マスター(master) p50: **prefectureId が返ってきていない**。実際の項目名: id, playerId, nickname, currentLeagueId, currentRanking, prefectureName, championShipPoint, publicFlg, championFlg, avatarImage
[2026-09-24T17:06:24] [ERROR] [prefecture] マスター(master) p51: **prefectureId が返ってきていない**。実際の項目名: id, playerId, nickname, currentLeagueId, currentRanking, prefectureName, championShipPoint, publicFlg, championFlg, avatarImage
[2026-09-24T17:06:24] [ERROR] [prefecture] マスター(master) p52: **prefectureId が返ってきていない**。実際の項目名: id, playerId, nickname, currentLeagueId, currentRanking, prefectureName, championShipPoint, publicFlg, championFlg, avatarImage
[2026-09-24T17:06:24] [ERROR] [prefecture] マスター(master) p53: **prefectureId が返ってきていない**。実際の項目名: id, playerId, nickname, currentLeagueId, currentRanking, prefectureName, championShipPoint, publicFlg, championFlg, avatarImage
[2026-09-24T17:06:24] [ERROR] [prefecture] マスター(master) p54: **prefectureId が返ってきていない**。実際の項目名: id, playerId, nickname, currentLeagueId, currentRanking, prefectureName, championShipPoint, publicFlg, championFlg, avatarImage
[2026-09-24T17:06:24] [ERROR] [prefecture] マスター(master) p55: **prefectureId が返ってきていない**。実際の項目名: id, playerId, nickname, currentLeagueId, currentRanking, prefectureName, championShipPoint, publicFlg, championFlg, avatarImage
[2026-09-24T17:06:24] [ERROR] [prefecture] マスター(master) p56: **prefectureId が返ってきていない**。実際の項目名: id, playerId, nickname, currentLeagueId, currentRanking, prefectureName, championShipPoint, publicFlg, championFlg, avatarImage
[2026-09-24T17:06:24] [ERROR] [prefecture] マスター(master) p57: **prefectureId が返ってきていない**。実際の項目名: id, playerId, nickname, currentLeagueId, currentRanking, prefectureName, championShipPoint, publicFlg, championFlg, avatarImage
[2026-09-24T17:06:24] [ERROR] [prefecture] マスター(master) p58: **prefectureId が返ってきていない**。実際の項目名: id, playerId, nickname, currentLeagueId, currentRanking, prefectureName, championShipPoint, publicFlg, championFlg, avatarImage
[2026-09-24T17:06:24] [ERROR] [prefecture] マスター(master) p59: **prefectureId が返ってきていない**。実際の項目名: id, playerId, nickname, currentLeagueId, currentRanking, prefectureName, championShipPoint, publicFlg, championFlg, avatarImage
[2026-09-24T17:06:24] [ERROR] [prefecture] マスター(master) p60: **prefectureId が返ってきていない**。実際の項目名: id, playerId, nickname, currentLeagueId, currentRanking, prefectureName, championShipPoint, publicFlg, championFlg, avatarImage
[2026-09-24T17:06:24] [ERROR] [prefecture] マスター(master) p61: **prefectureId が返ってきていない**。実際の項目名: id, playerId, nickname, currentLeagueId, currentRanking, prefectureName, championShipPoint, publicFlg, championFlg, avatarImage
[2026-09-24T17:06:24] [ERROR] [prefecture] マスター(master) p62: **prefectureId が返ってきていない**。実際の項目名: id, playerId, nickname, currentLeagueId, currentRanking, prefectureName, championShipPoint, publicFlg, championFlg, avatarImage
[2026-09-24T17:06:24] [ERROR] [prefecture] マスター(master) p63: **prefectureId が返ってきていない**。実際の項目名: id, playerId, nickname, currentLeagueId, currentRanking, prefectureName, championShipPoint, publicFlg, championFlg, avatarImage
[2026-09-24T17:06:24] [ERROR] [prefecture] マスター(master) p64: **prefectureId が返ってきていない**。実際の項目名: id, playerId, nickname, currentLeagueId, currentRanking, prefectureName, championShipPoint, publicFlg, championFlg, avatarImage
[2026-09-24T17:06:24] [ERROR] [prefecture] マスター(master) p65: **prefectureId が返ってきていない**。実際の項目名: id, playerId, nickname, currentLeagueId, currentRanking, prefectureName, championShipPoint, publicFlg, championFlg, avatarImage
[2026-09-24T17:06:24] [ERROR] [prefecture] マスター(master) p66: **prefectureId が返ってきていない**。実際の項目名: id, playerId, nickname, currentLeagueId, currentRanking, prefectureName, championShipPoint, publicFlg, championFlg, avatarImage
[2026-09-24T17:06:24] [ERROR] [prefecture] マスター(master) p67: **prefectureId が返ってきていない**。実際の項目名: id, playerId, nickname, currentLeagueId, currentRanking, prefectureName, championShipPoint, publicFlg, championFlg, avatarImage
[2026-09-24T17:06:24] [ERROR] [prefecture] マスター(master) p68: **prefectureId が返ってきていない**。実際の項目名: id, playerId, nickname, currentLeagueId, currentRanking, prefectureName, championShipPoint, publicFlg, championFlg, avatarImage
[2026-09-24T17:06:24] [ERROR] [prefecture] マスター(master) p69: **prefectureId が返ってきていない**。実際の項目名: id, playerId, nickname, currentLeagueId, currentRanking, prefectureName, championShipPoint, publicFlg, championFlg, avatarImage
[2026-09-24T17:06:24] [ERROR] [prefecture] マスター(master) p70: **prefectureId が返ってきていない**。実際の項目名: id, playerId, nickname, currentLeagueId, currentRanking, prefectureName, championShipPoint, publicFlg, championFlg, avatarImage
[2026-09-24T17:06:24] [ERROR] [prefecture] マスター(master) p71: **prefectureId が返ってきていない**。実際の項目名: id, playerId, nickname, currentLeagueId, currentRanking, prefectureName, championShipPoint, publicFlg, championFlg, avatarImage
[2026-09-24T17:06:24] [ERROR] [prefecture] マスター(master) p72: **prefectureId が返ってきていない**。実際の項目名: id, playerId, nickname, currentLeagueId, currentRanking, prefectureName, championShipPoint, publicFlg, championFlg, avatarImage
[2026-09-24T17:06:24] [ERROR] [prefecture] マスター(master) p73: **prefectureId が返ってきていない**。実際の項目名: id, playerId, nickname, currentLeagueId, currentRanking, prefectureName, championShipPoint, publicFlg, championFlg, avatarImage
[2026-09-24T17:06:24] [ERROR] [prefecture] マスター(master) p74: **prefectureId が返ってきていない**。実際の項目名: id, playerId, nickname, currentLeagueId, currentRanking, prefectureName, championShipPoint, publicFlg, championFlg, avatarImage
[2026-09-24T17:06:24] [ERROR] [prefecture] マスター(master) p75: **prefectureId が返ってきていない**。実際の項目名: id, playerId, nickname, currentLeagueId, currentRanking, prefectureName, championShipPoint, publicFlg, championFlg, avatarImage
[2026-09-24T17:06:24] [ERROR] [prefecture] マスター(master) p76: **prefectureId が返ってきていない**。実際の項目名: id, playerId, nickname, currentLeagueId, currentRanking, prefectureName, championShipPoint, publicFlg, championFlg, avatarImage
[2026-09-24T17:06:24] [ERROR] [prefecture] マスター(master) p77: **prefectureId が返ってきていない**。実際の項目名: id, playerId, nickname, currentLeagueId, currentRanking, prefectureName, championShipPoint, publicFlg, championFlg, avatarImage
[2026-09-24T17:06:24] [ERROR] [prefecture] マスター(master) p78: **prefectureId が返ってきていない**。実際の項目名: id, playerId, nickname, currentLeagueId, currentRanking, prefectureName, championShipPoint, publicFlg, championFlg, avatarImage
[2026-09-24T17:06:24] [ERROR] [prefecture] マスター(master) p79: **prefectureId が返ってきていない**。実際の項目名: id, playerId, nickname, currentLeagueId, currentRanking, prefectureName, championShipPoint, publicFlg, championFlg, avatarImage
[2026-09-24T17:06:24] [ERROR] [prefecture] マスター(master) p80: **prefectureId が返ってきていない**。実際の項目名: id, playerId, nickname, currentLeagueId, currentRanking, prefectureName, championShipPoint, publicFlg, championFlg, avatarImage
[2026-09-24T17:06:24] [ERROR] [prefecture] マスター(master) p81: **prefectureId が返ってきていない**。実際の項目名: id, playerId, nickname, currentLeagueId, currentRanking, prefectureName, championShipPoint, publicFlg, championFlg, avatarImage
[2026-09-24T17:06:24] [ERROR] [prefecture] マスター(master) p82: **prefectureId が返ってきていない**。実際の項目名: id, playerId, nickname, currentLeagueId, currentRanking, prefectureName, championShipPoint, publicFlg, championFlg, avatarImage
[2026-09-24T17:06:24] [ERROR] [prefecture] マスター(master) p83: **prefectureId が返ってきていない**。実際の項目名: id, playerId, nickname, currentLeagueId, currentRanking, prefectureName, championShipPoint, publicFlg, championFlg, avatarImage
[2026-09-24T17:06:24] [ERROR] [prefecture] マスター(master) p84: **prefectureId が返ってきていない**。実際の項目名: id, playerId, nickname, currentLeagueId, currentRanking, prefectureName, championShipPoint, publicFlg, championFlg, avatarImage
[2026-09-24T17:06:24] [ERROR] [prefecture] マスター(master) p85: **prefectureId が返ってきていない**。実際の項目名: id, playerId, nickname, currentLeagueId, currentRanking, prefectureName, championShipPoint, publicFlg, championFlg, avatarImage
[2026-09-24T17:06:24] [ERROR] [prefecture] マスター(master) p86: **prefectureId が返ってきていない**。実際の項目名: id, playerId, nickname, currentLeagueId, currentRanking, prefectureName, championShipPoint, publicFlg, championFlg, avatarImage
[2026-09-24T17:06:24] [ERROR] [prefecture] マスター(master) p87: **prefectureId が返ってきていない**。実際の項目名: id, playerId, nickname, currentLeagueId, currentRanking, prefectureName, championShipPoint, publicFlg, championFlg, avatarImage
[2026-09-24T17:06:24] [ERROR] [prefecture] マスター(master) p88: **prefectureId が返ってきていない**。実際の項目名: id, playerId, nickname, currentLeagueId, currentRanking, prefectureName, championShipPoint, publicFlg, championFlg, avatarImage
[2026-09-24T17:06:24] [ERROR] [prefecture] マスター(master) p89: **prefectureId が返ってきていない**。実際の項目名: id, playerId, nickname, currentLeagueId, currentRanking, prefectureName, championShipPoint, publicFlg, championFlg, avatarImage
[2026-09-24T17:06:24] [ERROR] [prefecture] マスター(master) p90: **prefectureId が返ってきていない**。実際の項目名: id, playerId, nickname, currentLeagueId, currentRanking, prefectureName, championShipPoint, publicFlg, championFlg, avatarImage
[2026-09-24T17:06:24] [ERROR] [prefecture] マスター(master) p91: **prefectureId が返ってきていない**。実際の項目名: id, playerId, nickname, currentLeagueId, currentRanking, prefectureName, championShipPoint, publicFlg, championFlg, avatarImage
[2026-09-24T17:06:24] [ERROR] [prefecture] マスター(master) p92: **prefectureId が返ってきていない**。実際の項目名: id, playerId, nickname, currentLeagueId, currentRanking, prefectureName, championShipPoint, publicFlg, championFlg, avatarImage
[2026-09-24T17:06:24] [ERROR] [prefecture] マスター(master) p93: **prefectureId が返ってきていない**。実際の項目名: id, playerId, nickname, currentLeagueId, currentRanking, prefectureName, championShipPoint, publicFlg, championFlg, avatarImage
[2026-09-24T17:06:24] [ERROR] [prefecture] マスター(master) p94: **prefectureId が返ってきていない**。実際の項目名: id, playerId, nickname, currentLeagueId, currentRanking, prefectureName, championShipPoint, publicFlg, championFlg, avatarImage
[2026-09-24T17:06:24] [ERROR] [prefecture] マスター(master) p95: **prefectureId が返ってきていない**。実際の項目名: id, playerId, nickname, currentLeagueId, currentRanking, prefectureName, championShipPoint, publicFlg, championFlg, avatarImage
[2026-09-24T17:06:24] [ERROR] [prefecture] マスター(master) p96: **prefectureId が返ってきていない**。実際の項目名: id, playerId, nickname, currentLeagueId, currentRanking, prefectureName, championShipPoint, publicFlg, championFlg, avatarImage
[2026-09-24T17:06:24] [ERROR] [prefecture] マスター(master) p97: **prefectureId が返ってきていない**。実際の項目名: id, playerId, nickname, currentLeagueId, currentRanking, prefectureName, championShipPoint, publicFlg, championFlg, avatarImage
[2026-09-24T17:06:24] [ERROR] [prefecture] マスター(master) p98: **prefectureId が返ってきていない**。実際の項目名: id, playerId, nickname, currentLeagueId, currentRanking, prefectureName, championShipPoint, publicFlg, championFlg, avatarImage
[2026-09-24T17:06:24] [ERROR] [prefecture] マスター(master) p99: **prefectureId が返ってきていない**。実際の項目名: id, playerId, nickname, currentLeagueId, currentRanking, prefectureName, championShipPoint, publicFlg, championFlg, avatarImage
[2026-09-24T17:06:24] [ERROR] [prefecture] マスター(master) p100: **prefectureId が返ってきていない**。実際の項目名: id, playerId, nickname, currentLeagueId, currentRanking, prefectureName, championShipPoint, publicFlg, championFlg, avatarImage
[2026-09-24T17:06:24] [ERROR] [prefecture] マスター(master) p101: **prefectureId が返ってきていない**。実際の項目名: id, playerId, nickname, currentLeagueId, currentRanking, prefectureName, championShipPoint, publicFlg, championFlg, avatarImage
[2026-09-24T17:06:24] [ERROR] [prefecture] マスター(master) p102: **prefectureId が返ってきていない**。実際の項目名: id, playerId, nickname, currentLeagueId, currentRanking, prefectureName, championShipPoint, publicFlg, championFlg, avatarImage
[2026-09-24T17:06:24] [ERROR] [prefecture] マスター(master) p103: **prefectureId が返ってきていない**。実際の項目名: id, playerId, nickname, currentLeagueId, currentRanking, prefectureName, championShipPoint, publicFlg, championFlg, avatarImage
[2026-09-24T17:06:24] [ERROR] [prefecture] マスター(master) p104: **prefectureId が返ってきていない**。実際の項目名: id, playerId, nickname, currentLeagueId, currentRanking, prefectureName, championShipPoint, publicFlg, championFlg, avatarImage
[2026-09-24T17:06:24] [ERROR] [prefecture] マスター(master) p105: **prefectureId が返ってきていない**。実際の項目名: id, playerId, nickname, currentLeagueId, currentRanking, prefectureName, championShipPoint, publicFlg, championFlg, avatarImage
[2026-09-24T17:06:24] [ERROR] [prefecture] マスター(master) p106: **prefectureId が返ってきていない**。実際の項目名: id, playerId, nickname, currentLeagueId, currentRanking, prefectureName, championShipPoint, publicFlg, championFlg, avatarImage
[2026-09-24T17:06:24] [ERROR] [prefecture] マスター(master) p107: **prefectureId が返ってきていない**。実際の項目名: id, playerId, nickname, currentLeagueId, currentRanking, prefectureName, championShipPoint, publicFlg, championFlg, avatarImage
[2026-09-24T17:06:24] [ERROR] [prefecture] マスター(master) p108: **prefectureId が返ってきていない**。実際の項目名: id, playerId, nickname, currentLeagueId, currentRanking, prefectureName, championShipPoint, publicFlg, championFlg, avatarImage
[2026-09-24T17:06:24] [ERROR] [prefecture] マスター(master) p109: **prefectureId が返ってきていない**。実際の項目名: id, playerId, nickname, currentLeagueId, currentRanking, prefectureName, championShipPoint, publicFlg, championFlg, avatarImage
[2026-09-24T17:06:24] [ERROR] [prefecture] マスター(master) p110: **prefectureId が返ってきていない**。実際の項目名: id, playerId, nickname, currentLeagueId, currentRanking, prefectureName, championShipPoint, publicFlg, championFlg, avatarImage
[2026-09-24T17:06:24] [ERROR] [prefecture] マスター(master) p111: **prefectureId が返ってきていない**。実際の項目名: id, playerId, nickname, currentLeagueId, currentRanking, prefectureName, championShipPoint, publicFlg, championFlg, avatarImage
[2026-09-24T17:06:24] [ERROR] [prefecture] マスター(master) p112: **prefectureId が返ってきていない**。実際の項目名: id, playerId, nickname, currentLeagueId, currentRanking, prefectureName, championShipPoint, publicFlg, championFlg, avatarImage
[2026-09-24T17:06:24] [ERROR] [prefecture] マスター(master) p113: **prefectureId が返ってきていない**。実際の項目名: id, playerId, nickname, currentLeagueId, currentRanking, prefectureName, championShipPoint, publicFlg, championFlg, avatarImage
[2026-09-24T17:06:24] [ERROR] [prefecture] マスター(master) p114: **prefectureId が返ってきていない**。実際の項目名: id, playerId, nickname, currentLeagueId, currentRanking, prefectureName, championShipPoint, publicFlg, championFlg, avatarImage
[2026-09-24T17:06:24] [ERROR] [prefecture] マスター(master) p115: **prefectureId が返ってきていない**。実際の項目名: id, playerId, nickname, currentLeagueId, currentRanking, prefectureName, championShipPoint, publicFlg, championFlg, avatarImage
[2026-09-24T17:06:24] [ERROR] [prefecture] マスター(master) p116: **prefectureId が返ってきていない**。実際の項目名: id, playerId, nickname, currentLeagueId, currentRanking, prefectureName, championShipPoint, publicFlg, championFlg, avatarImage
[2026-09-24T17:06:24] [ERROR] [prefecture] マスター(master) p117: **prefectureId が返ってきていない**。実際の項目名: id, playerId, nickname, currentLeagueId, currentRanking, prefectureName, championShipPoint, publicFlg, championFlg, avatarImage
[2026-09-24T17:06:24] [ERROR] [prefecture] マスター(master) p118: **prefectureId が返ってきていない**。実際の項目名: id, playerId, nickname, currentLeagueId, currentRanking, prefectureName, championShipPoint, publicFlg, championFlg, avatarImage
[2026-09-24T17:06:24] [ERROR] [prefecture] マスター(master) p119: **prefectureId が返ってきていない**。実際の項目名: id, playerId, nickname, currentLeagueId, currentRanking, prefectureName, championShipPoint, publicFlg, championFlg, avatarImage
[2026-09-24T17:06:24] [ERROR] [prefecture] マスター(master) p120: **prefectureId が返ってきていない**。実際の項目名: id, playerId, nickname, currentLeagueId, currentRanking, prefectureName, championShipPoint, publicFlg, championFlg, avatarImage
[2026-09-24T17:06:24] [INFO] マスター (master) batch fetched 2400 players (pages 120/243, offset: 2400).
[2026-09-24T17:06:24] [INFO] Starting new rank fetch cycle for シニア (senior)...
[2026-09-24T17:06:24] [ERROR] [prefecture] シニア(senior) p1: **prefectureId が返ってきていない**。実際の項目名: id, playerId, nickname, currentLeagueId, currentRanking, prefectureName, championShipPoint, publicFlg, championFlg, avatarImage
[2026-09-24T17:06:24] [ERROR] [prefecture] シニア(senior) p2: **prefectureId が返ってきていない**。実際の項目名: id, playerId, nickname, currentLeagueId, currentRanking, prefectureName, championShipPoint, publicFlg, championFlg, avatarImage
[2026-09-24T17:06:24] [ERROR] [prefecture] シニア(senior) p3: **prefectureId が返ってきていない**。実際の項目名: id, playerId, nickname, currentLeagueId, currentRanking, prefectureName, championShipPoint, publicFlg, championFlg, avatarImage
[2026-09-24T17:06:24] [ERROR] [prefecture] シニア(senior) p4: **prefectureId が返ってきていない**。実際の項目名: id, playerId, nickname, currentLeagueId, currentRanking, prefectureName, championShipPoint, publicFlg, championFlg, avatarImage
[2026-09-24T17:06:24] [ERROR] [prefecture] シニア(senior) p5: **prefectureId が返ってきていない**。実際の項目名: id, playerId, nickname, currentLeagueId, currentRanking, prefectureName, championShipPoint, publicFlg, championFlg, avatarImage
[2026-09-24T17:06:24] [ERROR] [prefecture] シニア(senior) p6: **prefectureId が返ってきていない**。実際の項目名: id, playerId, nickname, currentLeagueId, currentRanking, prefectureName, championShipPoint, publicFlg, championFlg, avatarImage
[2026-09-24T17:06:24] [ERROR] [prefecture] シニア(senior) p7: **prefectureId が返ってきていない**。実際の項目名: id, playerId, nickname, currentLeagueId, currentRanking, prefectureName, championShipPoint, publicFlg, championFlg, avatarImage
[2026-09-24T17:06:24] [ERROR] [prefecture] シニア(senior) p8: **prefectureId が返ってきていない**。実際の項目名: id, playerId, nickname, currentLeagueId, currentRanking, prefectureName, championShipPoint, publicFlg, championFlg, avatarImage
[2026-09-24T17:06:24] [ERROR] [prefecture] シニア(senior) p9: **prefectureId が返ってきていない**。実際の項目名: id, playerId, nickname, currentLeagueId, currentRanking, prefectureName, championShipPoint, publicFlg, championFlg, avatarImage
[2026-09-24T17:06:24] [ERROR] [prefecture] シニア(senior) p10: **prefectureId が返ってきていない**。実際の項目名: id, playerId, nickname, currentLeagueId, currentRanking, prefectureName, championShipPoint, publicFlg, championFlg, avatarImage
[2026-09-24T17:06:24] [ERROR] [prefecture] シニア(senior) p11: **prefectureId が返ってきていない**。実際の項目名: id, playerId, nickname, currentLeagueId, currentRanking, prefectureName, championShipPoint, publicFlg, championFlg, avatarImage
[2026-09-24T17:06:24] [ERROR] [prefecture] シニア(senior) p12: **prefectureId が返ってきていない**。実際の項目名: id, playerId, nickname, currentLeagueId, currentRanking, prefectureName, championShipPoint, publicFlg, championFlg, avatarImage
[2026-09-24T17:06:24] [ERROR] [prefecture] シニア(senior) p13: **prefectureId が返ってきていない**。実際の項目名: id, playerId, nickname, currentLeagueId, currentRanking, prefectureName, championShipPoint, publicFlg, championFlg, avatarImage
[2026-09-24T17:06:24] [ERROR] [prefecture] シニア(senior) p14: **prefectureId が返ってきていない**。実際の項目名: id, playerId, nickname, currentLeagueId, currentRanking, prefectureName, championShipPoint, publicFlg, championFlg, avatarImage
[2026-09-24T17:06:24] [ERROR] [prefecture] シニア(senior) p15: **prefectureId が返ってきていない**。実際の項目名: id, playerId, nickname, currentLeagueId, currentRanking, prefectureName, championShipPoint, publicFlg, championFlg, avatarImage
[2026-09-24T17:06:24] [ERROR] [prefecture] シニア(senior) p16: **prefectureId が返ってきていない**。実際の項目名: id, playerId, nickname, currentLeagueId, currentRanking, prefectureName, championShipPoint, publicFlg, championFlg, avatarImage
[2026-09-24T17:06:24] [ERROR] [prefecture] シニア(senior) p17: **prefectureId が返ってきていない**。実際の項目名: id, playerId, nickname, currentLeagueId, currentRanking, prefectureName, championShipPoint, publicFlg, championFlg, avatarImage
[2026-09-24T17:06:24] [ERROR] [prefecture] シニア(senior) p18: **prefectureId が返ってきていない**。実際の項目名: id, playerId, nickname, currentLeagueId, currentRanking, prefectureName, championShipPoint, publicFlg, championFlg, avatarImage
[2026-09-24T17:06:24] [ERROR] [prefecture] シニア(senior) p19: **prefectureId が返ってきていない**。実際の項目名: id, playerId, nickname, currentLeagueId, currentRanking, prefectureName, championShipPoint, publicFlg, championFlg, avatarImage
[2026-09-24T17:06:24] [ERROR] [prefecture] シニア(senior) p20: **prefectureId が返ってきていない**。実際の項目名: id, playerId, nickname, currentLeagueId, currentRanking, prefectureName, championShipPoint, publicFlg, championFlg, avatarImage
[2026-09-24T17:06:24] [ERROR] [prefecture] シニア(senior) p21: **prefectureId が返ってきていない**。実際の項目名: id, playerId, nickname, currentLeagueId, currentRanking, prefectureName, championShipPoint, publicFlg, championFlg, avatarImage
[2026-09-24T17:06:24] [ERROR] [prefecture] シニア(senior) p22: **prefectureId が返ってきていない**。実際の項目名: id, playerId, nickname, currentLeagueId, currentRanking, prefectureName, championShipPoint, publicFlg, championFlg, avatarImage
[2026-09-24T17:06:24] [ERROR] [prefecture] シニア(senior) p23: **prefectureId が返ってきていない**。実際の項目名: id, playerId, nickname, currentLeagueId, currentRanking, prefectureName, championShipPoint, publicFlg, championFlg, avatarImage
[2026-09-24T17:06:24] [ERROR] [prefecture] シニア(senior) p24: **prefectureId が返ってきていない**。実際の項目名: id, playerId, nickname, currentLeagueId, currentRanking, prefectureName, championShipPoint, publicFlg, championFlg, avatarImage
[2026-09-24T17:06:24] [ERROR] [prefecture] シニア(senior) p25: **prefectureId が返ってきていない**。実際の項目名: id, playerId, nickname, currentLeagueId, currentRanking, prefectureName, championShipPoint, publicFlg, championFlg, avatarImage
[2026-09-24T17:06:24] [ERROR] [prefecture] シニア(senior) p26: **prefectureId が返ってきていない**。実際の項目名: id, playerId, nickname, currentLeagueId, currentRanking, prefectureName, championShipPoint, publicFlg, championFlg, avatarImage
[2026-09-24T17:06:24] [ERROR] [prefecture] シニア(senior) p27: **prefectureId が返ってきていない**。実際の項目名: id, playerId, nickname, currentLeagueId, currentRanking, prefectureName, championShipPoint, publicFlg, championFlg, avatarImage
[2026-09-24T17:06:24] [ERROR] [prefecture] シニア(senior) p28: **prefectureId が返ってきていない**。実際の項目名: id, playerId, nickname, currentLeagueId, currentRanking, prefectureName, championShipPoint, publicFlg, championFlg, avatarImage
[2026-09-24T17:06:24] [ERROR] [prefecture] シニア(senior) p29: **prefectureId が返ってきていない**。実際の項目名: id, playerId, nickname, currentLeagueId, currentRanking, prefectureName, championShipPoint, publicFlg, championFlg, avatarImage
[2026-09-24T17:06:24] [ERROR] [prefecture] シニア(senior) p30: **prefectureId が返ってきていない**。実際の項目名: id, playerId, nickname, currentLeagueId, currentRanking, prefectureName, championShipPoint, publicFlg, championFlg, avatarImage
[2026-09-24T17:06:24] [ERROR] [prefecture] シニア(senior) p31: **prefectureId が返ってきていない**。実際の項目名: id, playerId, nickname, currentLeagueId, currentRanking, prefectureName, championShipPoint, publicFlg, championFlg, avatarImage
[2026-09-24T17:06:24] [ERROR] [prefecture] シニア(senior) p32: **prefectureId が返ってきていない**。実際の項目名: id, playerId, nickname, currentLeagueId, currentRanking, prefectureName, championShipPoint, publicFlg, championFlg, avatarImage
[2026-09-24T17:06:24] [ERROR] [prefecture] シニア(senior) p33: **prefectureId が返ってきていない**。実際の項目名: id, playerId, nickname, currentLeagueId, currentRanking, prefectureName, championShipPoint, publicFlg, championFlg, avatarImage
[2026-09-24T17:06:24] [ERROR] [prefecture] シニア(senior) p34: **prefectureId が返ってきていない**。実際の項目名: id, playerId, nickname, currentLeagueId, currentRanking, prefectureName, championShipPoint, publicFlg, championFlg, avatarImage
[2026-09-24T17:06:24] [ERROR] [prefecture] シニア(senior) p35: **prefectureId が返ってきていない**。実際の項目名: id, playerId, nickname, currentLeagueId, currentRanking, prefectureName, championShipPoint, publicFlg, championFlg, avatarImage
[2026-09-24T17:06:24] [ERROR] [prefecture] シニア(senior) p36: **prefectureId が返ってきていない**。実際の項目名: id, playerId, nickname, currentLeagueId, currentRanking, prefectureName, championShipPoint, publicFlg, championFlg, avatarImage
[2026-09-24T17:06:24] [ERROR] [prefecture] シニア(senior) p37: **prefectureId が返ってきていない**。実際の項目名: id, playerId, nickname, currentLeagueId, currentRanking, prefectureName, championShipPoint, publicFlg, championFlg, avatarImage
[2026-09-24T17:06:24] [ERROR] [prefecture] シニア(senior) p38: **prefectureId が返ってきていない**。実際の項目名: id, playerId, nickname, currentLeagueId, currentRanking, prefectureName, championShipPoint, publicFlg, championFlg, avatarImage
[2026-09-24T17:06:24] [ERROR] [prefecture] シニア(senior) p39: **prefectureId が返ってきていない**。実際の項目名: id, playerId, nickname, currentLeagueId, currentRanking, prefectureName, championShipPoint, publicFlg, championFlg, avatarImage
[2026-09-24T17:06:24] [ERROR] [prefecture] シニア(senior) p40: **prefectureId が返ってきていない**。実際の項目名: id, playerId, nickname, currentLeagueId, currentRanking, prefectureName, championShipPoint, publicFlg, championFlg, avatarImage
[2026-09-24T17:06:24] [ERROR] [prefecture] シニア(senior) p41: **prefectureId が返ってきていない**。実際の項目名: id, playerId, nickname, currentLeagueId, currentRanking, prefectureName, championShipPoint, publicFlg, championFlg, avatarImage
[2026-09-24T17:06:24] [ERROR] [prefecture] シニア(senior) p42: **prefectureId が返ってきていない**。実際の項目名: id, playerId, nickname, currentLeagueId, currentRanking, prefectureName, championShipPoint, publicFlg, championFlg, avatarImage
[2026-09-24T17:06:24] [INFO] シニア (senior) cycle completed. Pages: 42/42, Processed: 840, Dropped: 0.
[2026-09-24T17:06:24] [INFO] Starting new rank fetch cycle for ジュニア (junior)...
[2026-09-24T17:06:24] [ERROR] [prefecture] ジュニア(junior) p1: **prefectureId が返ってきていない**。実際の項目名: id, playerId, nickname, currentLeagueId, currentRanking, prefectureName, championShipPoint, publicFlg, championFlg, avatarImage
[2026-09-24T17:06:24] [ERROR] [prefecture] ジュニア(junior) p2: **prefectureId が返ってきていない**。実際の項目名: id, playerId, nickname, currentLeagueId, currentRanking, prefectureName, championShipPoint, publicFlg, championFlg, avatarImage
[2026-09-24T17:06:24] [ERROR] [prefecture] ジュニア(junior) p3: **prefectureId が返ってきていない**。実際の項目名: id, playerId, nickname, currentLeagueId, currentRanking, prefectureName, championShipPoint, publicFlg, championFlg, avatarImage
[2026-09-24T17:06:24] [ERROR] [prefecture] ジュニア(junior) p4: **prefectureId が返ってきていない**。実際の項目名: id, playerId, nickname, currentLeagueId, currentRanking, prefectureName, championShipPoint, publicFlg, championFlg, avatarImage
[2026-09-24T17:06:24] [ERROR] [prefecture] ジュニア(junior) p5: **prefectureId が返ってきていない**。実際の項目名: id, playerId, nickname, currentLeagueId, currentRanking, prefectureName, championShipPoint, publicFlg, championFlg, avatarImage
[2026-09-24T17:06:24] [ERROR] [prefecture] ジュニア(junior) p6: **prefectureId が返ってきていない**。実際の項目名: id, playerId, nickname, currentLeagueId, currentRanking, prefectureName, championShipPoint, publicFlg, championFlg, avatarImage
[2026-09-24T17:06:24] [ERROR] [prefecture] ジュニア(junior) p7: **prefectureId が返ってきていない**。実際の項目名: id, playerId, nickname, currentLeagueId, currentRanking, prefectureName, championShipPoint, publicFlg, championFlg, avatarImage
[2026-09-24T17:06:24] [ERROR] [prefecture] ジュニア(junior) p8: **prefectureId が返ってきていない**。実際の項目名: id, playerId, nickname, currentLeagueId, currentRanking, prefectureName, championShipPoint, publicFlg, championFlg, avatarImage
[2026-09-24T17:06:24] [ERROR] [prefecture] ジュニア(junior) p9: **prefectureId が返ってきていない**。実際の項目名: id, playerId, nickname, currentLeagueId, currentRanking, prefectureName, championShipPoint, publicFlg, championFlg, avatarImage
[2026-09-24T17:06:24] [ERROR] [prefecture] ジュニア(junior) p10: **prefectureId が返ってきていない**。実際の項目名: id, playerId, nickname, currentLeagueId, currentRanking, prefectureName, championShipPoint, publicFlg, championFlg, avatarImage
[2026-09-24T17:06:24] [ERROR] [prefecture] ジュニア(junior) p11: **prefectureId が返ってきていない**。実際の項目名: id, playerId, nickname, currentLeagueId, currentRanking, prefectureName, championShipPoint, publicFlg, championFlg, avatarImage
[2026-09-24T17:06:24] [ERROR] [prefecture] ジュニア(junior) p12: **prefectureId が返ってきていない**。実際の項目名: id, playerId, nickname, currentLeagueId, currentRanking, prefectureName, championShipPoint, publicFlg, championFlg, avatarImage
[2026-09-24T17:06:24] [ERROR] [prefecture] ジュニア(junior) p13: **prefectureId が返ってきていない**。実際の項目名: id, playerId, nickname, currentLeagueId, currentRanking, prefectureName, championShipPoint, publicFlg, championFlg, avatarImage
[2026-09-24T17:06:24] [ERROR] [prefecture] ジュニア(junior) p14: **prefectureId が返ってきていない**。実際の項目名: id, playerId, nickname, currentLeagueId, currentRanking, prefectureName, championShipPoint, publicFlg, championFlg, avatarImage
[2026-09-24T17:06:24] [ERROR] [prefecture] ジュニア(junior) p15: **prefectureId が返ってきていない**。実際の項目名: id, playerId, nickname, currentLeagueId, currentRanking, prefectureName, championShipPoint, publicFlg, championFlg, avatarImage
[2026-09-24T17:06:24] [ERROR] [prefecture] ジュニア(junior) p16: **prefectureId が返ってきていない**。実際の項目名: id, playerId, nickname, currentLeagueId, currentRanking, prefectureName, championShipPoint, publicFlg, championFlg, avatarImage
[2026-09-24T17:06:24] [ERROR] [prefecture] ジュニア(junior) p17: **prefectureId が返ってきていない**。実際の項目名: id, playerId, nickname, currentLeagueId, currentRanking, prefectureName, championShipPoint, publicFlg, championFlg, avatarImage
[2026-09-24T17:06:24] [ERROR] [prefecture] ジュニア(junior) p18: **prefectureId が返ってきていない**。実際の項目名: id, playerId, nickname, currentLeagueId, currentRanking, prefectureName, championShipPoint, publicFlg, championFlg, avatarImage
[2026-09-24T17:06:24] [ERROR] [prefecture] ジュニア(junior) p19: **prefectureId が返ってきていない**。実際の項目名: id, playerId, nickname, currentLeagueId, currentRanking, prefectureName, championShipPoint, publicFlg, championFlg, avatarImage
[2026-09-24T17:06:24] [ERROR] [prefecture] ジュニア(junior) p20: **prefectureId が返ってきていない**。実際の項目名: id, playerId, nickname, currentLeagueId, currentRanking, prefectureName, championShipPoint, publicFlg, championFlg, avatarImage
[2026-09-24T17:06:24] [ERROR] [prefecture] ジュニア(junior) p21: **prefectureId が返ってきていない**。実際の項目名: id, playerId, nickname, currentLeagueId, currentRanking, prefectureName, championShipPoint, publicFlg, championFlg, avatarImage
[2026-09-24T17:06:24] [ERROR] [prefecture] ジュニア(junior) p22: **prefectureId が返ってきていない**。実際の項目名: id, playerId, nickname, currentLeagueId, currentRanking, prefectureName, championShipPoint, publicFlg, championFlg, avatarImage
[2026-09-24T17:06:24] [ERROR] [prefecture] ジュニア(junior) p23: **prefectureId が返ってきていない**。実際の項目名: id, playerId, nickname, currentLeagueId, currentRanking, prefectureName, championShipPoint, publicFlg, championFlg, avatarImage
[2026-09-24T17:06:24] [ERROR] [prefecture] ジュニア(junior) p24: **prefectureId が返ってきていない**。実際の項目名: id, playerId, nickname, currentLeagueId, currentRanking, prefectureName, championShipPoint, publicFlg, championFlg, avatarImage
[2026-09-24T17:06:24] [ERROR] [prefecture] ジュニア(junior) p25: **prefectureId が返ってきていない**。実際の項目名: id, playerId, nickname, currentLeagueId, currentRanking, prefectureName, championShipPoint, publicFlg, championFlg, avatarImage
[2026-09-24T17:06:24] [ERROR] [prefecture] ジュニア(junior) p26: **prefectureId が返ってきていない**。実際の項目名: id, playerId, nickname, currentLeagueId, currentRanking, prefectureName, championShipPoint, publicFlg, championFlg, avatarImage
[2026-09-24T17:06:24] [ERROR] [prefecture] ジュニア(junior) p27: **prefectureId が返ってきていない**。実際の項目名: id, playerId, nickname, currentLeagueId, currentRanking, prefectureName, championShipPoint, publicFlg, championFlg, avatarImage
[2026-09-24T17:06:24] [ERROR] [prefecture] ジュニア(junior) p28: **prefectureId が返ってきていない**。実際の項目名: id, playerId, nickname, currentLeagueId, currentRanking, prefectureName, championShipPoint, publicFlg, championFlg, avatarImage
[2026-09-24T17:06:24] [ERROR] [prefecture] ジュニア(junior) p29: **prefectureId が返ってきていない**。実際の項目名: id, playerId, nickname, currentLeagueId, currentRanking, prefectureName, championShipPoint, publicFlg, championFlg, avatarImage
[2026-09-24T17:06:24] [INFO] ジュニア (junior) cycle completed. Pages: 29/29, Processed: 580, Dropped: 0.
[2026-09-24T17:06:24] [INFO] --- Player Rank Import Task Completed ---
[2026-09-24T17:06:24] [INFO] --- Starting Player Rank Import Task ---
[2026-09-24T17:06:24] [ERROR] [prefecture] マスター(master) p121: **prefectureId が返ってきていない**。実際の項目名: id, playerId, nickname, currentLeagueId, currentRanking, prefectureName, championShipPoint, publicFlg, championFlg, avatarImage
[2026-09-24T17:06:24] [ERROR] [prefecture] マスター(master) p122: **prefectureId が返ってきていない**。実際の項目名: id, playerId, nickname, currentLeagueId, currentRanking, prefectureName, championShipPoint, publicFlg, championFlg, avatarImage
[2026-09-24T17:06:24] [ERROR] [prefecture] マスター(master) p123: **prefectureId が返ってきていない**。実際の項目名: id, playerId, nickname, currentLeagueId, currentRanking, prefectureName, championShipPoint, publicFlg, championFlg, avatarImage
[2026-09-24T17:06:24] [ERROR] [prefecture] マスター(master) p124: **prefectureId が返ってきていない**。実際の項目名: id, playerId, nickname, currentLeagueId, currentRanking, prefectureName, championShipPoint, publicFlg, championFlg, avatarImage
[2026-09-24T17:06:24] [ERROR] [prefecture] マスター(master) p125: **prefectureId が返ってきていない**。実際の項目名: id, playerId, nickname, currentLeagueId, currentRanking, prefectureName, championShipPoint, publicFlg, championFlg, avatarImage
[2026-09-24T17:06:24] [ERROR] [prefecture] マスター(master) p126: **prefectureId が返ってきていない**。実際の項目名: id, playerId, nickname, currentLeagueId, currentRanking, prefectureName, championShipPoint, publicFlg, championFlg, avatarImage
[2026-09-24T17:06:24] [ERROR] [prefecture] マスター(master) p127: **prefectureId が返ってきていない**。実際の項目名: id, playerId, nickname, currentLeagueId, currentRanking, prefectureName, championShipPoint, publicFlg, championFlg, avatarImage
[2026-09-24T17:06:24] [ERROR] [prefecture] マスター(master) p128: **prefectureId が返ってきていない**。実際の項目名: id, playerId, nickname, currentLeagueId, currentRanking, prefectureName, championShipPoint, publicFlg, championFlg, avatarImage
[2026-09-24T17:06:24] [ERROR] [prefecture] マスター(master) p129: **prefectureId が返ってきていない**。実際の項目名: id, playerId, nickname, currentLeagueId, currentRanking, prefectureName, championShipPoint, publicFlg, championFlg, avatarImage
[2026-09-24T17:06:24] [ERROR] [prefecture] マスター(master) p130: **prefectureId が返ってきていない**。実際の項目名: id, playerId, nickname, currentLeagueId, currentRanking, prefectureName, championShipPoint, publicFlg, championFlg, avatarImage
[2026-09-24T17:06:24] [ERROR] [prefecture] マスター(master) p131: **prefectureId が返ってきていない**。実際の項目名: id, playerId, nickname, currentLeagueId, currentRanking, prefectureName, championShipPoint, publicFlg, championFlg, avatarImage
[2026-09-24T17:06:24] [ERROR] [prefecture] マスター(master) p132: **prefectureId が返ってきていない**。実際の項目名: id, playerId, nickname, currentLeagueId, currentRanking, prefectureName, championShipPoint, publicFlg, championFlg, avatarImage
[2026-09-24T17:06:24] [ERROR] [prefecture] マスター(master) p133: **prefectureId が返ってきていない**。実際の項目名: id, playerId, nickname, currentLeagueId, currentRanking, prefectureName, championShipPoint, publicFlg, championFlg, avatarImage
[2026-09-24T17:06:24] [ERROR] [prefecture] マスター(master) p134: **prefectureId が返ってきていない**。実際の項目名: id, playerId, nickname, currentLeagueId, currentRanking, prefectureName, championShipPoint, publicFlg, championFlg, avatarImage
[2026-09-24T17:06:24] [ERROR] [prefecture] マスター(master) p135: **prefectureId が返ってきていない**。実際の項目名: id, playerId, nickname, currentLeagueId, currentRanking, prefectureName, championShipPoint, publicFlg, championFlg, avatarImage
[2026-09-24T17:06:24] [ERROR] [prefecture] マスター(master) p136: **prefectureId が返ってきていない**。実際の項目名: id, playerId, nickname, currentLeagueId, currentRanking, prefectureName, championShipPoint, publicFlg, championFlg, avatarImage
[2026-09-24T17:06:24] [ERROR] [prefecture] マスター(master) p137: **prefectureId が返ってきていない**。実際の項目名: id, playerId, nickname, currentLeagueId, currentRanking, prefectureName, championShipPoint, publicFlg, championFlg, avatarImage
[2026-09-24T17:06:24] [ERROR] [prefecture] マスター(master) p138: **prefectureId が返ってきていない**。実際の項目名: id, playerId, nickname, currentLeagueId, currentRanking, prefectureName, championShipPoint, publicFlg, championFlg, avatarImage
[2026-09-24T17:06:24] [ERROR] [prefecture] マスター(master) p139: **prefectureId が返ってきていない**。実際の項目名: id, playerId, nickname, currentLeagueId, currentRanking, prefectureName, championShipPoint, publicFlg, championFlg, avatarImage
[2026-09-24T17:06:24] [ERROR] [prefecture] マスター(master) p140: **prefectureId が返ってきていない**。実際の項目名: id, playerId, nickname, currentLeagueId, currentRanking, prefectureName, championShipPoint, publicFlg, championFlg, avatarImage
[2026-09-24T17:06:24] [ERROR] [prefecture] マスター(master) p141: **prefectureId が返ってきていない**。実際の項目名: id, playerId, nickname, currentLeagueId, currentRanking, prefectureName, championShipPoint, publicFlg, championFlg, avatarImage
[2026-09-24T17:06:24] [ERROR] [prefecture] マスター(master) p142: **prefectureId が返ってきていない**。実際の項目名: id, playerId, nickname, currentLeagueId, currentRanking, prefectureName, championShipPoint, publicFlg, championFlg, avatarImage
[2026-09-24T17:06:24] [ERROR] [prefecture] マスター(master) p143: **prefectureId が返ってきていない**。実際の項目名: id, playerId, nickname, currentLeagueId, currentRanking, prefectureName, championShipPoint, publicFlg, championFlg, avatarImage
[2026-09-24T17:06:24] [ERROR] [prefecture] マスター(master) p144: **prefectureId が返ってきていない**。実際の項目名: id, playerId, nickname, currentLeagueId, currentRanking, prefectureName, championShipPoint, publicFlg, championFlg, avatarImage
[2026-09-24T17:06:24] [ERROR] [prefecture] マスター(master) p145: **prefectureId が返ってきていない**。実際の項目名: id, playerId, nickname, currentLeagueId, currentRanking, prefectureName, championShipPoint, publicFlg, championFlg, avatarImage
[2026-09-24T17:06:24] [ERROR] [prefecture] マスター(master) p146: **prefectureId が返ってきていない**。実際の項目名: id, playerId, nickname, currentLeagueId, currentRanking, prefectureName, championShipPoint, publicFlg, championFlg, avatarImage
[2026-09-24T17:06:24] [ERROR] [prefecture] マスター(master) p147: **prefectureId が返ってきていない**。実際の項目名: id, playerId, nickname, currentLeagueId, currentRanking, prefectureName, championShipPoint, publicFlg, championFlg, avatarImage
[2026-09-24T17:06:24] [ERROR] [prefecture] マスター(master) p148: **prefectureId が返ってきていない**。実際の項目名: id, playerId, nickname, currentLeagueId, currentRanking, prefectureName, championShipPoint, publicFlg, championFlg, avatarImage
[2026-09-24T17:06:24] [ERROR] [prefecture] マスター(master) p149: **prefectureId が返ってきていない**。実際の項目名: id, playerId, nickname, currentLeagueId, currentRanking, prefectureName, championShipPoint, publicFlg, championFlg, avatarImage
[2026-09-24T17:06:24] [ERROR] [prefecture] マスター(master) p150: **prefectureId が返ってきていない**。実際の項目名: id, playerId, nickname, currentLeagueId, currentRanking, prefectureName, championShipPoint, publicFlg, championFlg, avatarImage
[2026-09-24T17:06:24] [ERROR] [prefecture] マスター(master) p151: **prefectureId が返ってきていない**。実際の項目名: id, playerId, nickname, currentLeagueId, currentRanking, prefectureName, championShipPoint, publicFlg, championFlg, avatarImage
[2026-09-24T17:06:24] [ERROR] [prefecture] マスター(master) p152: **prefectureId が返ってきていない**。実際の項目名: id, playerId, nickname, currentLeagueId, currentRanking, prefectureName, championShipPoint, publicFlg, championFlg, avatarImage
[2026-09-24T17:06:24] [ERROR] [prefecture] マスター(master) p153: **prefectureId が返ってきていない**。実際の項目名: id, playerId, nickname, currentLeagueId, currentRanking, prefectureName, championShipPoint, publicFlg, championFlg, avatarImage
[2026-09-24T17:06:24] [ERROR] [prefecture] マスター(master) p154: **prefectureId が返ってきていない**。実際の項目名: id, playerId, nickname, currentLeagueId, currentRanking, prefectureName, championShipPoint, publicFlg, championFlg, avatarImage
[2026-09-24T17:06:24] [ERROR] [prefecture] マスター(master) p155: **prefectureId が返ってきていない**。実際の項目名: id, playerId, nickname, currentLeagueId, currentRanking, prefectureName, championShipPoint, publicFlg, championFlg, avatarImage
[2026-09-24T17:06:24] [ERROR] [prefecture] マスター(master) p156: **prefectureId が返ってきていない**。実際の項目名: id, playerId, nickname, currentLeagueId, currentRanking, prefectureName, championShipPoint, publicFlg, championFlg, avatarImage
[2026-09-24T17:06:24] [ERROR] [prefecture] マスター(master) p157: **prefectureId が返ってきていない**。実際の項目名: id, playerId, nickname, currentLeagueId, currentRanking, prefectureName, championShipPoint, publicFlg, championFlg, avatarImage
[2026-09-24T17:06:24] [ERROR] [prefecture] マスター(master) p158: **prefectureId が返ってきていない**。実際の項目名: id, playerId, nickname, currentLeagueId, currentRanking, prefectureName, championShipPoint, publicFlg, championFlg, avatarImage
[2026-09-24T17:06:24] [ERROR] [prefecture] マスター(master) p159: **prefectureId が返ってきていない**。実際の項目名: id, playerId, nickname, currentLeagueId, currentRanking, prefectureName, championShipPoint, publicFlg, championFlg, avatarImage
[2026-09-24T17:06:24] [ERROR] [prefecture] マスター(master) p160: **prefectureId が返ってきていない**。実際の項目名: id, playerId, nickname, currentLeagueId, currentRanking, prefectureName, championShipPoint, publicFlg, championFlg, avatarImage
[2026-09-24T17:06:24] [ERROR] [prefecture] マスター(master) p161: **prefectureId が返ってきていない**。実際の項目名: id, playerId, nickname, currentLeagueId, currentRanking, prefectureName, championShipPoint, publicFlg, championFlg, avatarImage
[2026-09-24T17:06:24] [ERROR] [prefecture] マスター(master) p162: **prefectureId が返ってきていない**。実際の項目名: id, playerId, nickname, currentLeagueId, currentRanking, prefectureName, championShipPoint, publicFlg, championFlg, avatarImage
[2026-09-24T17:06:24] [ERROR] [prefecture] マスター(master) p163: **prefectureId が返ってきていない**。実際の項目名: id, playerId, nickname, currentLeagueId, currentRanking, prefectureName, championShipPoint, publicFlg, championFlg, avatarImage
[2026-09-24T17:06:24] [ERROR] [prefecture] マスター(master) p164: **prefectureId が返ってきていない**。実際の項目名: id, playerId, nickname, currentLeagueId, currentRanking, prefectureName, championShipPoint, publicFlg, championFlg, avatarImage
[2026-09-24T17:06:24] [ERROR] [prefecture] マスター(master) p165: **prefectureId が返ってきていない**。実際の項目名: id, playerId, nickname, currentLeagueId, currentRanking, prefectureName, championShipPoint, publicFlg, championFlg, avatarImage
[2026-09-24T17:06:24] [ERROR] [prefecture] マスター(master) p166: **prefectureId が返ってきていない**。実際の項目名: id, playerId, nickname, currentLeagueId, currentRanking, prefectureName, championShipPoint, publicFlg, championFlg, avatarImage
[2026-09-24T17:06:24] [ERROR] [prefecture] マスター(master) p167: **prefectureId が返ってきていない**。実際の項目名: id, playerId, nickname, currentLeagueId, currentRanking, prefectureName, championShipPoint, publicFlg, championFlg, avatarImage
[2026-09-24T17:06:24] [ERROR] [prefecture] マスター(master) p168: **prefectureId が返ってきていない**。実際の項目名: id, playerId, nickname, currentLeagueId, currentRanking, prefectureName, championShipPoint, publicFlg, championFlg, avatarImage
[2026-09-24T17:06:24] [ERROR] [prefecture] マスター(master) p169: **prefectureId が返ってきていない**。実際の項目名: id, playerId, nickname, currentLeagueId, currentRanking, prefectureName, championShipPoint, publicFlg, championFlg, avatarImage
[2026-09-24T17:06:24] [ERROR] [prefecture] マスター(master) p170: **prefectureId が返ってきていない**。実際の項目名: id, playerId, nickname, currentLeagueId, currentRanking, prefectureName, championShipPoint, publicFlg, championFlg, avatarImage
[2026-09-24T17:06:24] [ERROR] [prefecture] マスター(master) p171: **prefectureId が返ってきていない**。実際の項目名: id, playerId, nickname, currentLeagueId, currentRanking, prefectureName, championShipPoint, publicFlg, championFlg, avatarImage
[2026-09-24T17:06:24] [ERROR] [prefecture] マスター(master) p172: **prefectureId が返ってきていない**。実際の項目名: id, playerId, nickname, currentLeagueId, currentRanking, prefectureName, championShipPoint, publicFlg, championFlg, avatarImage
[2026-09-24T17:06:24] [ERROR] [prefecture] マスター(master) p173: **prefectureId が返ってきていない**。実際の項目名: id, playerId, nickname, currentLeagueId, currentRanking, prefectureName, championShipPoint, publicFlg, championFlg, avatarImage
[2026-09-24T17:06:24] [ERROR] [prefecture] マスター(master) p174: **prefectureId が返ってきていない**。実際の項目名: id, playerId, nickname, currentLeagueId, currentRanking, prefectureName, championShipPoint, publicFlg, championFlg, avatarImage
[2026-09-24T17:06:24] [ERROR] [prefecture] マスター(master) p175: **prefectureId が返ってきていない**。実際の項目名: id, playerId, nickname, currentLeagueId, currentRanking, prefectureName, championShipPoint, publicFlg, championFlg, avatarImage
[2026-09-24T17:06:24] [ERROR] [prefecture] マスター(master) p176: **prefectureId が返ってきていない**。実際の項目名: id, playerId, nickname, currentLeagueId, currentRanking, prefectureName, championShipPoint, publicFlg, championFlg, avatarImage
[2026-09-24T17:06:24] [ERROR] [prefecture] マスター(master) p177: **prefectureId が返ってきていない**。実際の項目名: id, playerId, nickname, currentLeagueId, currentRanking, prefectureName, championShipPoint, publicFlg, championFlg, avatarImage
[2026-09-24T17:06:24] [ERROR] [prefecture] マスター(master) p178: **prefectureId が返ってきていない**。実際の項目名: id, playerId, nickname, currentLeagueId, currentRanking, prefectureName, championShipPoint, publicFlg, championFlg, avatarImage
[2026-09-24T17:06:24] [ERROR] [prefecture] マスター(master) p179: **prefectureId が返ってきていない**。実際の項目名: id, playerId, nickname, currentLeagueId, currentRanking, prefectureName, championShipPoint, publicFlg, championFlg, avatarImage
[2026-09-24T17:06:24] [ERROR] [prefecture] マスター(master) p180: **prefectureId が返ってきていない**。実際の項目名: id, playerId, nickname, currentLeagueId, currentRanking, prefectureName, championShipPoint, publicFlg, championFlg, avatarImage
[2026-09-24T17:06:24] [ERROR] [prefecture] マスター(master) p181: **prefectureId が返ってきていない**。実際の項目名: id, playerId, nickname, currentLeagueId, currentRanking, prefectureName, championShipPoint, publicFlg, championFlg, avatarImage
[2026-09-24T17:06:24] [ERROR] [prefecture] マスター(master) p182: **prefectureId が返ってきていない**。実際の項目名: id, playerId, nickname, currentLeagueId, currentRanking, prefectureName, championShipPoint, publicFlg, championFlg, avatarImage
[2026-09-24T17:06:24] [ERROR] [prefecture] マスター(master) p183: **prefectureId が返ってきていない**。実際の項目名: id, playerId, nickname, currentLeagueId, currentRanking, prefectureName, championShipPoint, publicFlg, championFlg, avatarImage
[2026-09-24T17:06:24] [ERROR] [prefecture] マスター(master) p184: **prefectureId が返ってきていない**。実際の項目名: id, playerId, nickname, currentLeagueId, currentRanking, prefectureName, championShipPoint, publicFlg, championFlg, avatarImage
[2026-09-24T17:06:24] [ERROR] [prefecture] マスター(master) p185: **prefectureId が返ってきていない**。実際の項目名: id, playerId, nickname, currentLeagueId, currentRanking, prefectureName, championShipPoint, publicFlg, championFlg, avatarImage
[2026-09-24T17:06:24] [ERROR] [prefecture] マスター(master) p186: **prefectureId が返ってきていない**。実際の項目名: id, playerId, nickname, currentLeagueId, currentRanking, prefectureName, championShipPoint, publicFlg, championFlg, avatarImage
[2026-09-24T17:06:24] [ERROR] [prefecture] マスター(master) p187: **prefectureId が返ってきていない**。実際の項目名: id, playerId, nickname, currentLeagueId, currentRanking, prefectureName, championShipPoint, publicFlg, championFlg, avatarImage
[2026-09-24T17:06:24] [ERROR] [prefecture] マスター(master) p188: **prefectureId が返ってきていない**。実際の項目名: id, playerId, nickname, currentLeagueId, currentRanking, prefectureName, championShipPoint, publicFlg, championFlg, avatarImage
[2026-09-24T17:06:24] [ERROR] [prefecture] マスター(master) p189: **prefectureId が返ってきていない**。実際の項目名: id, playerId, nickname, currentLeagueId, currentRanking, prefectureName, championShipPoint, publicFlg, championFlg, avatarImage
[2026-09-24T17:06:24] [ERROR] [prefecture] マスター(master) p190: **prefectureId が返ってきていない**。実際の項目名: id, playerId, nickname, currentLeagueId, currentRanking, prefectureName, championShipPoint, publicFlg, championFlg, avatarImage
[2026-09-24T17:06:24] [ERROR] [prefecture] マスター(master) p191: **prefectureId が返ってきていない**。実際の項目名: id, playerId, nickname, currentLeagueId, currentRanking, prefectureName, championShipPoint, publicFlg, championFlg, avatarImage
[2026-09-24T17:06:24] [ERROR] [prefecture] マスター(master) p192: **prefectureId が返ってきていない**。実際の項目名: id, playerId, nickname, currentLeagueId, currentRanking, prefectureName, championShipPoint, publicFlg, championFlg, avatarImage
[2026-09-24T17:06:24] [ERROR] [prefecture] マスター(master) p193: **prefectureId が返ってきていない**。実際の項目名: id, playerId, nickname, currentLeagueId, currentRanking, prefectureName, championShipPoint, publicFlg, championFlg, avatarImage
[2026-09-24T17:06:24] [ERROR] [prefecture] マスター(master) p194: **prefectureId が返ってきていない**。実際の項目名: id, playerId, nickname, currentLeagueId, currentRanking, prefectureName, championShipPoint, publicFlg, championFlg, avatarImage
[2026-09-24T17:06:24] [ERROR] [prefecture] マスター(master) p195: **prefectureId が返ってきていない**。実際の項目名: id, playerId, nickname, currentLeagueId, currentRanking, prefectureName, championShipPoint, publicFlg, championFlg, avatarImage
[2026-09-24T17:06:24] [ERROR] [prefecture] マスター(master) p196: **prefectureId が返ってきていない**。実際の項目名: id, playerId, nickname, currentLeagueId, currentRanking, prefectureName, championShipPoint, publicFlg, championFlg, avatarImage
[2026-09-24T17:06:24] [ERROR] [prefecture] マスター(master) p197: **prefectureId が返ってきていない**。実際の項目名: id, playerId, nickname, currentLeagueId, currentRanking, prefectureName, championShipPoint, publicFlg, championFlg, avatarImage
[2026-09-24T17:06:24] [ERROR] [prefecture] マスター(master) p198: **prefectureId が返ってきていない**。実際の項目名: id, playerId, nickname, currentLeagueId, currentRanking, prefectureName, championShipPoint, publicFlg, championFlg, avatarImage
[2026-09-24T17:06:24] [ERROR] [prefecture] マスター(master) p199: **prefectureId が返ってきていない**。実際の項目名: id, playerId, nickname, currentLeagueId, currentRanking, prefectureName, championShipPoint, publicFlg, championFlg, avatarImage
[2026-09-24T17:06:24] [ERROR] [prefecture] マスター(master) p200: **prefectureId が返ってきていない**。実際の項目名: id, playerId, nickname, currentLeagueId, currentRanking, prefectureName, championShipPoint, publicFlg, championFlg, avatarImage
[2026-09-24T17:06:24] [ERROR] [prefecture] マスター(master) p201: **prefectureId が返ってきていない**。実際の項目名: id, playerId, nickname, currentLeagueId, currentRanking, prefectureName, championShipPoint, publicFlg, championFlg, avatarImage
[2026-09-24T17:06:24] [ERROR] [prefecture] マスター(master) p202: **prefectureId が返ってきていない**。実際の項目名: id, playerId, nickname, currentLeagueId, currentRanking, prefectureName, championShipPoint, publicFlg, championFlg, avatarImage
[2026-09-24T17:06:24] [ERROR] [prefecture] マスター(master) p203: **prefectureId が返ってきていない**。実際の項目名: id, playerId, nickname, currentLeagueId, currentRanking, prefectureName, championShipPoint, publicFlg, championFlg, avatarImage
[2026-09-24T17:06:24] [ERROR] [prefecture] マスター(master) p204: **prefectureId が返ってきていない**。実際の項目名: id, playerId, nickname, currentLeagueId, currentRanking, prefectureName, championShipPoint, publicFlg, championFlg, avatarImage
[2026-09-24T17:06:24] [ERROR] [prefecture] マスター(master) p205: **prefectureId が返ってきていない**。実際の項目名: id, playerId, nickname, currentLeagueId, currentRanking, prefectureName, championShipPoint, publicFlg, championFlg, avatarImage
[2026-09-24T17:06:24] [ERROR] [prefecture] マスター(master) p206: **prefectureId が返ってきていない**。実際の項目名: id, playerId, nickname, currentLeagueId, currentRanking, prefectureName, championShipPoint, publicFlg, championFlg, avatarImage
[2026-09-24T17:06:24] [ERROR] [prefecture] マスター(master) p207: **prefectureId が返ってきていない**。実際の項目名: id, playerId, nickname, currentLeagueId, currentRanking, prefectureName, championShipPoint, publicFlg, championFlg, avatarImage
[2026-09-24T17:06:24] [ERROR] [prefecture] マスター(master) p208: **prefectureId が返ってきていない**。実際の項目名: id, playerId, nickname, currentLeagueId, currentRanking, prefectureName, championShipPoint, publicFlg, championFlg, avatarImage
[2026-09-24T17:06:24] [ERROR] [prefecture] マスター(master) p209: **prefectureId が返ってきていない**。実際の項目名: id, playerId, nickname, currentLeagueId, currentRanking, prefectureName, championShipPoint, publicFlg, championFlg, avatarImage
[2026-09-24T17:06:24] [ERROR] [prefecture] マスター(master) p210: **prefectureId が返ってきていない**。実際の項目名: id, playerId, nickname, currentLeagueId, currentRanking, prefectureName, championShipPoint, publicFlg, championFlg, avatarImage
[2026-09-24T17:06:24] [ERROR] [prefecture] マスター(master) p211: **prefectureId が返ってきていない**。実際の項目名: id, playerId, nickname, currentLeagueId, currentRanking, prefectureName, championShipPoint, publicFlg, championFlg, avatarImage
[2026-09-24T17:06:24] [ERROR] [prefecture] マスター(master) p212: **prefectureId が返ってきていない**。実際の項目名: id, playerId, nickname, currentLeagueId, currentRanking, prefectureName, championShipPoint, publicFlg, championFlg, avatarImage
[2026-09-24T17:06:24] [ERROR] [prefecture] マスター(master) p213: **prefectureId が返ってきていない**。実際の項目名: id, playerId, nickname, currentLeagueId, currentRanking, prefectureName, championShipPoint, publicFlg, championFlg, avatarImage
[2026-09-24T17:06:24] [ERROR] [prefecture] マスター(master) p214: **prefectureId が返ってきていない**。実際の項目名: id, playerId, nickname, currentLeagueId, currentRanking, prefectureName, championShipPoint, publicFlg, championFlg, avatarImage
[2026-09-24T17:06:24] [ERROR] [prefecture] マスター(master) p215: **prefectureId が返ってきていない**。実際の項目名: id, playerId, nickname, currentLeagueId, currentRanking, prefectureName, championShipPoint, publicFlg, championFlg, avatarImage
[2026-09-24T17:06:24] [ERROR] [prefecture] マスター(master) p216: **prefectureId が返ってきていない**。実際の項目名: id, playerId, nickname, currentLeagueId, currentRanking, prefectureName, championShipPoint, publicFlg, championFlg, avatarImage
[2026-09-24T17:06:24] [ERROR] [prefecture] マスター(master) p217: **prefectureId が返ってきていない**。実際の項目名: id, playerId, nickname, currentLeagueId, currentRanking, prefectureName, championShipPoint, publicFlg, championFlg, avatarImage
[2026-09-24T17:06:24] [ERROR] [prefecture] マスター(master) p218: **prefectureId が返ってきていない**。実際の項目名: id, playerId, nickname, currentLeagueId, currentRanking, prefectureName, championShipPoint, publicFlg, championFlg, avatarImage
[2026-09-24T17:06:24] [ERROR] [prefecture] マスター(master) p219: **prefectureId が返ってきていない**。実際の項目名: id, playerId, nickname, currentLeagueId, currentRanking, prefectureName, championShipPoint, publicFlg, championFlg, avatarImage
[2026-09-24T17:06:24] [ERROR] [prefecture] マスター(master) p220: **prefectureId が返ってきていない**。実際の項目名: id, playerId, nickname, currentLeagueId, currentRanking, prefectureName, championShipPoint, publicFlg, championFlg, avatarImage
[2026-09-24T17:06:24] [ERROR] [prefecture] マスター(master) p221: **prefectureId が返ってきていない**。実際の項目名: id, playerId, nickname, currentLeagueId, currentRanking, prefectureName, championShipPoint, publicFlg, championFlg, avatarImage
[2026-09-24T17:06:24] [ERROR] [prefecture] マスター(master) p222: **prefectureId が返ってきていない**。実際の項目名: id, playerId, nickname, currentLeagueId, currentRanking, prefectureName, championShipPoint, publicFlg, championFlg, avatarImage
[2026-09-24T17:06:24] [ERROR] [prefecture] マスター(master) p223: **prefectureId が返ってきていない**。実際の項目名: id, playerId, nickname, currentLeagueId, currentRanking, prefectureName, championShipPoint, publicFlg, championFlg, avatarImage
[2026-09-24T17:06:24] [ERROR] [prefecture] マスター(master) p224: **prefectureId が返ってきていない**。実際の項目名: id, playerId, nickname, currentLeagueId, currentRanking, prefectureName, championShipPoint, publicFlg, championFlg, avatarImage
[2026-09-24T17:06:24] [ERROR] [prefecture] マスター(master) p225: **prefectureId が返ってきていない**。実際の項目名: id, playerId, nickname, currentLeagueId, currentRanking, prefectureName, championShipPoint, publicFlg, championFlg, avatarImage
[2026-09-24T17:06:24] [ERROR] [prefecture] マスター(master) p226: **prefectureId が返ってきていない**。実際の項目名: id, playerId, nickname, currentLeagueId, currentRanking, prefectureName, championShipPoint, publicFlg, championFlg, avatarImage
[2026-09-24T17:06:24] [ERROR] [prefecture] マスター(master) p227: **prefectureId が返ってきていない**。実際の項目名: id, playerId, nickname, currentLeagueId, currentRanking, prefectureName, championShipPoint, publicFlg, championFlg, avatarImage
[2026-09-24T17:06:24] [ERROR] [prefecture] マスター(master) p228: **prefectureId が返ってきていない**。実際の項目名: id, playerId, nickname, currentLeagueId, currentRanking, prefectureName, championShipPoint, publicFlg, championFlg, avatarImage
[2026-09-24T17:06:24] [ERROR] [prefecture] マスター(master) p229: **prefectureId が返ってきていない**。実際の項目名: id, playerId, nickname, currentLeagueId, currentRanking, prefectureName, championShipPoint, publicFlg, championFlg, avatarImage
[2026-09-24T17:06:24] [ERROR] [prefecture] マスター(master) p230: **prefectureId が返ってきていない**。実際の項目名: id, playerId, nickname, currentLeagueId, currentRanking, prefectureName, championShipPoint, publicFlg, championFlg, avatarImage
[2026-09-24T17:06:24] [ERROR] [prefecture] マスター(master) p231: **prefectureId が返ってきていない**。実際の項目名: id, playerId, nickname, currentLeagueId, currentRanking, prefectureName, championShipPoint, publicFlg, championFlg, avatarImage
[2026-09-24T17:06:24] [ERROR] [prefecture] マスター(master) p232: **prefectureId が返ってきていない**。実際の項目名: id, playerId, nickname, currentLeagueId, currentRanking, prefectureName, championShipPoint, publicFlg, championFlg, avatarImage
[2026-09-24T17:06:24] [ERROR] [prefecture] マスター(master) p233: **prefectureId が返ってきていない**。実際の項目名: id, playerId, nickname, currentLeagueId, currentRanking, prefectureName, championShipPoint, publicFlg, championFlg, avatarImage
[2026-09-24T17:06:24] [ERROR] [prefecture] マスター(master) p234: **prefectureId が返ってきていない**。実際の項目名: id, playerId, nickname, currentLeagueId, currentRanking, prefectureName, championShipPoint, publicFlg, championFlg, avatarImage
[2026-09-24T17:06:24] [ERROR] [prefecture] マスター(master) p235: **prefectureId が返ってきていない**。実際の項目名: id, playerId, nickname, currentLeagueId, currentRanking, prefectureName, championShipPoint, publicFlg, championFlg, avatarImage
[2026-09-24T17:06:24] [ERROR] [prefecture] マスター(master) p236: **prefectureId が返ってきていない**。実際の項目名: id, playerId, nickname, currentLeagueId, currentRanking, prefectureName, championShipPoint, publicFlg, championFlg, avatarImage
[2026-09-24T17:06:24] [ERROR] [prefecture] マスター(master) p237: **prefectureId が返ってきていない**。実際の項目名: id, playerId, nickname, currentLeagueId, currentRanking, prefectureName, championShipPoint, publicFlg, championFlg, avatarImage
[2026-09-24T17:06:24] [ERROR] [prefecture] マスター(master) p238: **prefectureId が返ってきていない**。実際の項目名: id, playerId, nickname, currentLeagueId, currentRanking, prefectureName, championShipPoint, publicFlg, championFlg, avatarImage
[2026-09-24T17:06:24] [ERROR] [prefecture] マスター(master) p239: **prefectureId が返ってきていない**。実際の項目名: id, playerId, nickname, currentLeagueId, currentRanking, prefectureName, championShipPoint, publicFlg, championFlg, avatarImage
[2026-09-24T17:06:24] [ERROR] [prefecture] マスター(master) p240: **prefectureId が返ってきていない**。実際の項目名: id, playerId, nickname, currentLeagueId, currentRanking, prefectureName, championShipPoint, publicFlg, championFlg, avatarImage
[2026-09-24T17:06:24] [INFO] マスター (master) batch fetched 2400 players (pages 240/243, offset: 4800).
[2026-09-24T17:06:24] [INFO] Starting new rank fetch cycle for シニア (senior)...
[2026-09-24T17:06:24] [ERROR] [prefecture] シニア(senior) p1: **prefectureId が返ってきていない**。実際の項目名: id, playerId, nickname, currentLeagueId, currentRanking, prefectureName, championShipPoint, publicFlg, championFlg, avatarImage
[2026-09-24T17:06:24] [ERROR] [prefecture] シニア(senior) p2: **prefectureId が返ってきていない**。実際の項目名: id, playerId, nickname, currentLeagueId, currentRanking, prefectureName, championShipPoint, publicFlg, championFlg, avatarImage
[2026-09-24T17:06:24] [ERROR] [prefecture] シニア(senior) p3: **prefectureId が返ってきていない**。実際の項目名: id, playerId, nickname, currentLeagueId, currentRanking, prefectureName, championShipPoint, publicFlg, championFlg, avatarImage
[2026-09-24T17:06:24] [ERROR] [prefecture] シニア(senior) p4: **prefectureId が返ってきていない**。実際の項目名: id, playerId, nickname, currentLeagueId, currentRanking, prefectureName, championShipPoint, publicFlg, championFlg, avatarImage
[2026-09-24T17:06:24] [ERROR] [prefecture] シニア(senior) p5: **prefectureId が返ってきていない**。実際の項目名: id, playerId, nickname, currentLeagueId, currentRanking, prefectureName, championShipPoint, publicFlg, championFlg, avatarImage
[2026-09-24T17:06:24] [ERROR] [prefecture] シニア(senior) p6: **prefectureId が返ってきていない**。実際の項目名: id, playerId, nickname, currentLeagueId, currentRanking, prefectureName, championShipPoint, publicFlg, championFlg, avatarImage
[2026-09-24T17:06:24] [ERROR] [prefecture] シニア(senior) p7: **prefectureId が返ってきていない**。実際の項目名: id, playerId, nickname, currentLeagueId, currentRanking, prefectureName, championShipPoint, publicFlg, championFlg, avatarImage
[2026-09-24T17:06:24] [ERROR] [prefecture] シニア(senior) p8: **prefectureId が返ってきていない**。実際の項目名: id, playerId, nickname, currentLeagueId, currentRanking, prefectureName, championShipPoint, publicFlg, championFlg, avatarImage
[2026-09-24T17:06:24] [ERROR] [prefecture] シニア(senior) p9: **prefectureId が返ってきていない**。実際の項目名: id, playerId, nickname, currentLeagueId, currentRanking, prefectureName, championShipPoint, publicFlg, championFlg, avatarImage
[2026-09-24T17:06:24] [ERROR] [prefecture] シニア(senior) p10: **prefectureId が返ってきていない**。実際の項目名: id, playerId, nickname, currentLeagueId, currentRanking, prefectureName, championShipPoint, publicFlg, championFlg, avatarImage
[2026-09-24T17:06:24] [ERROR] [prefecture] シニア(senior) p11: **prefectureId が返ってきていない**。実際の項目名: id, playerId, nickname, currentLeagueId, currentRanking, prefectureName, championShipPoint, publicFlg, championFlg, avatarImage
[2026-09-24T17:06:24] [ERROR] [prefecture] シニア(senior) p12: **prefectureId が返ってきていない**。実際の項目名: id, playerId, nickname, currentLeagueId, currentRanking, prefectureName, championShipPoint, publicFlg, championFlg, avatarImage
[2026-09-24T17:06:24] [ERROR] [prefecture] シニア(senior) p13: **prefectureId が返ってきていない**。実際の項目名: id, playerId, nickname, currentLeagueId, currentRanking, prefectureName, championShipPoint, publicFlg, championFlg, avatarImage
[2026-09-24T17:06:24] [ERROR] [prefecture] シニア(senior) p14: **prefectureId が返ってきていない**。実際の項目名: id, playerId, nickname, currentLeagueId, currentRanking, prefectureName, championShipPoint, publicFlg, championFlg, avatarImage
[2026-09-24T17:06:24] [ERROR] [prefecture] シニア(senior) p15: **prefectureId が返ってきていない**。実際の項目名: id, playerId, nickname, currentLeagueId, currentRanking, prefectureName, championShipPoint, publicFlg, championFlg, avatarImage
[2026-09-24T17:06:24] [ERROR] [prefecture] シニア(senior) p16: **prefectureId が返ってきていない**。実際の項目名: id, playerId, nickname, currentLeagueId, currentRanking, prefectureName, championShipPoint, publicFlg, championFlg, avatarImage
[2026-09-24T17:06:24] [ERROR] [prefecture] シニア(senior) p17: **prefectureId が返ってきていない**。実際の項目名: id, playerId, nickname, currentLeagueId, currentRanking, prefectureName, championShipPoint, publicFlg, championFlg, avatarImage
[2026-09-24T17:06:24] [ERROR] [prefecture] シニア(senior) p18: **prefectureId が返ってきていない**。実際の項目名: id, playerId, nickname, currentLeagueId, currentRanking, prefectureName, championShipPoint, publicFlg, championFlg, avatarImage
[2026-09-24T17:06:24] [ERROR] [prefecture] シニア(senior) p19: **prefectureId が返ってきていない**。実際の項目名: id, playerId, nickname, currentLeagueId, currentRanking, prefectureName, championShipPoint, publicFlg, championFlg, avatarImage
[2026-09-24T17:06:24] [ERROR] [prefecture] シニア(senior) p20: **prefectureId が返ってきていない**。実際の項目名: id, playerId, nickname, currentLeagueId, currentRanking, prefectureName, championShipPoint, publicFlg, championFlg, avatarImage
[2026-09-24T17:06:24] [ERROR] [prefecture] シニア(senior) p21: **prefectureId が返ってきていない**。実際の項目名: id, playerId, nickname, currentLeagueId, currentRanking, prefectureName, championShipPoint, publicFlg, championFlg, avatarImage
[2026-09-24T17:06:24] [ERROR] [prefecture] シニア(senior) p22: **prefectureId が返ってきていない**。実際の項目名: id, playerId, nickname, currentLeagueId, currentRanking, prefectureName, championShipPoint, publicFlg, championFlg, avatarImage
[2026-09-24T17:06:24] [ERROR] [prefecture] シニア(senior) p23: **prefectureId が返ってきていない**。実際の項目名: id, playerId, nickname, currentLeagueId, currentRanking, prefectureName, championShipPoint, publicFlg, championFlg, avatarImage
[2026-09-24T17:06:24] [ERROR] [prefecture] シニア(senior) p24: **prefectureId が返ってきていない**。実際の項目名: id, playerId, nickname, currentLeagueId, currentRanking, prefectureName, championShipPoint, publicFlg, championFlg, avatarImage
[2026-09-24T17:06:24] [ERROR] [prefecture] シニア(senior) p25: **prefectureId が返ってきていない**。実際の項目名: id, playerId, nickname, currentLeagueId, currentRanking, prefectureName, championShipPoint, publicFlg, championFlg, avatarImage
[2026-09-24T17:06:24] [ERROR] [prefecture] シニア(senior) p26: **prefectureId が返ってきていない**。実際の項目名: id, playerId, nickname, currentLeagueId, currentRanking, prefectureName, championShipPoint, publicFlg, championFlg, avatarImage
[2026-09-24T17:06:24] [ERROR] [prefecture] シニア(senior) p27: **prefectureId が返ってきていない**。実際の項目名: id, playerId, nickname, currentLeagueId, currentRanking, prefectureName, championShipPoint, publicFlg, championFlg, avatarImage
[2026-09-24T17:06:24] [ERROR] [prefecture] シニア(senior) p28: **prefectureId が返ってきていない**。実際の項目名: id, playerId, nickname, currentLeagueId, currentRanking, prefectureName, championShipPoint, publicFlg, championFlg, avatarImage
[2026-09-24T17:06:24] [ERROR] [prefecture] シニア(senior) p29: **prefectureId が返ってきていない**。実際の項目名: id, playerId, nickname, currentLeagueId, currentRanking, prefectureName, championShipPoint, publicFlg, championFlg, avatarImage
[2026-09-24T17:06:24] [ERROR] [prefecture] シニア(senior) p30: **prefectureId が返ってきていない**。実際の項目名: id, playerId, nickname, currentLeagueId, currentRanking, prefectureName, championShipPoint, publicFlg, championFlg, avatarImage
[2026-09-24T17:06:24] [ERROR] [prefecture] シニア(senior) p31: **prefectureId が返ってきていない**。実際の項目名: id, playerId, nickname, currentLeagueId, currentRanking, prefectureName, championShipPoint, publicFlg, championFlg, avatarImage
[2026-09-24T17:06:24] [ERROR] [prefecture] シニア(senior) p32: **prefectureId が返ってきていない**。実際の項目名: id, playerId, nickname, currentLeagueId, currentRanking, prefectureName, championShipPoint, publicFlg, championFlg, avatarImage
[2026-09-24T17:06:24] [ERROR] [prefecture] シニア(senior) p33: **prefectureId が返ってきていない**。実際の項目名: id, playerId, nickname, currentLeagueId, currentRanking, prefectureName, championShipPoint, publicFlg, championFlg, avatarImage
[2026-09-24T17:06:24] [ERROR] [prefecture] シニア(senior) p34: **prefectureId が返ってきていない**。実際の項目名: id, playerId, nickname, currentLeagueId, currentRanking, prefectureName, championShipPoint, publicFlg, championFlg, avatarImage
[2026-09-24T17:06:24] [ERROR] [prefecture] シニア(senior) p35: **prefectureId が返ってきていない**。実際の項目名: id, playerId, nickname, currentLeagueId, currentRanking, prefectureName, championShipPoint, publicFlg, championFlg, avatarImage
[2026-09-24T17:06:24] [ERROR] [prefecture] シニア(senior) p36: **prefectureId が返ってきていない**。実際の項目名: id, playerId, nickname, currentLeagueId, currentRanking, prefectureName, championShipPoint, publicFlg, championFlg, avatarImage
[2026-09-24T17:06:24] [ERROR] [prefecture] シニア(senior) p37: **prefectureId が返ってきていない**。実際の項目名: id, playerId, nickname, currentLeagueId, currentRanking, prefectureName, championShipPoint, publicFlg, championFlg, avatarImage
[2026-09-24T17:06:24] [ERROR] [prefecture] シニア(senior) p38: **prefectureId が返ってきていない**。実際の項目名: id, playerId, nickname, currentLeagueId, currentRanking, prefectureName, championShipPoint, publicFlg, championFlg, avatarImage
[2026-09-24T17:06:24] [ERROR] [prefecture] シニア(senior) p39: **prefectureId が返ってきていない**。実際の項目名: id, playerId, nickname, currentLeagueId, currentRanking, prefectureName, championShipPoint, publicFlg, championFlg, avatarImage
[2026-09-24T17:06:24] [ERROR] [prefecture] シニア(senior) p40: **prefectureId が返ってきていない**。実際の項目名: id, playerId, nickname, currentLeagueId, currentRanking, prefectureName, championShipPoint, publicFlg, championFlg, avatarImage
[2026-09-24T17:06:24] [ERROR] [prefecture] シニア(senior) p41: **prefectureId が返ってきていない**。実際の項目名: id, playerId, nickname, currentLeagueId, currentRanking, prefectureName, championShipPoint, publicFlg, championFlg, avatarImage
[2026-09-24T17:06:24] [ERROR] [prefecture] シニア(senior) p42: **prefectureId が返ってきていない**。実際の項目名: id, playerId, nickname, currentLeagueId, currentRanking, prefectureName, championShipPoint, publicFlg, championFlg, avatarImage
[2026-09-24T17:06:24] [INFO] シニア (senior) cycle completed. Pages: 42/42, Processed: 840, Dropped: 0.
[2026-09-24T17:06:24] [INFO] Starting new rank fetch cycle for ジュニア (junior)...
[2026-09-24T17:06:24] [ERROR] [prefecture] ジュニア(junior) p1: **prefectureId が返ってきていない**。実際の項目名: id, playerId, nickname, currentLeagueId, currentRanking, prefectureName, championShipPoint, publicFlg, championFlg, avatarImage
[2026-09-24T17:06:24] [ERROR] [prefecture] ジュニア(junior) p2: **prefectureId が返ってきていない**。実際の項目名: id, playerId, nickname, currentLeagueId, currentRanking, prefectureName, championShipPoint, publicFlg, championFlg, avatarImage
[2026-09-24T17:06:24] [ERROR] [prefecture] ジュニア(junior) p3: **prefectureId が返ってきていない**。実際の項目名: id, playerId, nickname, currentLeagueId, currentRanking, prefectureName, championShipPoint, publicFlg, championFlg, avatarImage
[2026-09-24T17:06:24] [ERROR] [prefecture] ジュニア(junior) p4: **prefectureId が返ってきていない**。実際の項目名: id, playerId, nickname, currentLeagueId, currentRanking, prefectureName, championShipPoint, publicFlg, championFlg, avatarImage
[2026-09-24T17:06:24] [ERROR] [prefecture] ジュニア(junior) p5: **prefectureId が返ってきていない**。実際の項目名: id, playerId, nickname, currentLeagueId, currentRanking, prefectureName, championShipPoint, publicFlg, championFlg, avatarImage
[2026-09-24T17:06:24] [ERROR] [prefecture] ジュニア(junior) p6: **prefectureId が返ってきていない**。実際の項目名: id, playerId, nickname, currentLeagueId, currentRanking, prefectureName, championShipPoint, publicFlg, championFlg, avatarImage
[2026-09-24T17:06:24] [ERROR] [prefecture] ジュニア(junior) p7: **prefectureId が返ってきていない**。実際の項目名: id, playerId, nickname, currentLeagueId, currentRanking, prefectureName, championShipPoint, publicFlg, championFlg, avatarImage
[2026-09-24T17:06:24] [ERROR] [prefecture] ジュニア(junior) p8: **prefectureId が返ってきていない**。実際の項目名: id, playerId, nickname, currentLeagueId, currentRanking, prefectureName, championShipPoint, publicFlg, championFlg, avatarImage
[2026-09-24T17:06:24] [ERROR] [prefecture] ジュニア(junior) p9: **prefectureId が返ってきていない**。実際の項目名: id, playerId, nickname, currentLeagueId, currentRanking, prefectureName, championShipPoint, publicFlg, championFlg, avatarImage
[2026-09-24T17:06:24] [ERROR] [prefecture] ジュニア(junior) p10: **prefectureId が返ってきていない**。実際の項目名: id, playerId, nickname, currentLeagueId, currentRanking, prefectureName, championShipPoint, publicFlg, championFlg, avatarImage
[2026-09-24T17:06:24] [ERROR] [prefecture] ジュニア(junior) p11: **prefectureId が返ってきていない**。実際の項目名: id, playerId, nickname, currentLeagueId, currentRanking, prefectureName, championShipPoint, publicFlg, championFlg, avatarImage
[2026-09-24T17:06:24] [ERROR] [prefecture] ジュニア(junior) p12: **prefectureId が返ってきていない**。実際の項目名: id, playerId, nickname, currentLeagueId, currentRanking, prefectureName, championShipPoint, publicFlg, championFlg, avatarImage
[2026-09-24T17:06:24] [ERROR] [prefecture] ジュニア(junior) p13: **prefectureId が返ってきていない**。実際の項目名: id, playerId, nickname, currentLeagueId, currentRanking, prefectureName, championShipPoint, publicFlg, championFlg, avatarImage
[2026-09-24T17:06:24] [ERROR] [prefecture] ジュニア(junior) p14: **prefectureId が返ってきていない**。実際の項目名: id, playerId, nickname, currentLeagueId, currentRanking, prefectureName, championShipPoint, publicFlg, championFlg, avatarImage
[2026-09-24T17:06:24] [ERROR] [prefecture] ジュニア(junior) p15: **prefectureId が返ってきていない**。実際の項目名: id, playerId, nickname, currentLeagueId, currentRanking, prefectureName, championShipPoint, publicFlg, championFlg, avatarImage
[2026-09-24T17:06:24] [ERROR] [prefecture] ジュニア(junior) p16: **prefectureId が返ってきていない**。実際の項目名: id, playerId, nickname, currentLeagueId, currentRanking, prefectureName, championShipPoint, publicFlg, championFlg, avatarImage
[2026-09-24T17:06:24] [ERROR] [prefecture] ジュニア(junior) p17: **prefectureId が返ってきていない**。実際の項目名: id, playerId, nickname, currentLeagueId, currentRanking, prefectureName, championShipPoint, publicFlg, championFlg, avatarImage
[2026-09-24T17:06:24] [ERROR] [prefecture] ジュニア(junior) p18: **prefectureId が返ってきていない**。実際の項目名: id, playerId, nickname, currentLeagueId, currentRanking, prefectureName, championShipPoint, publicFlg, championFlg, avatarImage
[2026-09-24T17:06:24] [ERROR] [prefecture] ジュニア(junior) p19: **prefectureId が返ってきていない**。実際の項目名: id, playerId, nickname, currentLeagueId, currentRanking, prefectureName, championShipPoint, publicFlg, championFlg, avatarImage
[2026-09-24T17:06:24] [ERROR] [prefecture] ジュニア(junior) p20: **prefectureId が返ってきていない**。実際の項目名: id, playerId, nickname, currentLeagueId, currentRanking, prefectureName, championShipPoint, publicFlg, championFlg, avatarImage
[2026-09-24T17:06:24] [ERROR] [prefecture] ジュニア(junior) p21: **prefectureId が返ってきていない**。実際の項目名: id, playerId, nickname, currentLeagueId, currentRanking, prefectureName, championShipPoint, publicFlg, championFlg, avatarImage
[2026-09-24T17:06:24] [ERROR] [prefecture] ジュニア(junior) p22: **prefectureId が返ってきていない**。実際の項目名: id, playerId, nickname, currentLeagueId, currentRanking, prefectureName, championShipPoint, publicFlg, championFlg, avatarImage
[2026-09-24T17:06:24] [ERROR] [prefecture] ジュニア(junior) p23: **prefectureId が返ってきていない**。実際の項目名: id, playerId, nickname, currentLeagueId, currentRanking, prefectureName, championShipPoint, publicFlg, championFlg, avatarImage
[2026-09-24T17:06:24] [ERROR] [prefecture] ジュニア(junior) p24: **prefectureId が返ってきていない**。実際の項目名: id, playerId, nickname, currentLeagueId, currentRanking, prefectureName, championShipPoint, publicFlg, championFlg, avatarImage
[2026-09-24T17:06:24] [ERROR] [prefecture] ジュニア(junior) p25: **prefectureId が返ってきていない**。実際の項目名: id, playerId, nickname, currentLeagueId, currentRanking, prefectureName, championShipPoint, publicFlg, championFlg, avatarImage
[2026-09-24T17:06:24] [ERROR] [prefecture] ジュニア(junior) p26: **prefectureId が返ってきていない**。実際の項目名: id, playerId, nickname, currentLeagueId, currentRanking, prefectureName, championShipPoint, publicFlg, championFlg, avatarImage
[2026-09-24T17:06:24] [ERROR] [prefecture] ジュニア(junior) p27: **prefectureId が返ってきていない**。実際の項目名: id, playerId, nickname, currentLeagueId, currentRanking, prefectureName, championShipPoint, publicFlg, championFlg, avatarImage
[2026-09-24T17:06:24] [ERROR] [prefecture] ジュニア(junior) p28: **prefectureId が返ってきていない**。実際の項目名: id, playerId, nickname, currentLeagueId, currentRanking, prefectureName, championShipPoint, publicFlg, championFlg, avatarImage
[2026-09-24T17:06:24] [ERROR] [prefecture] ジュニア(junior) p29: **prefectureId が返ってきていない**。実際の項目名: id, playerId, nickname, currentLeagueId, currentRanking, prefectureName, championShipPoint, publicFlg, championFlg, avatarImage
[2026-09-24T17:06:24] [INFO] ジュニア (junior) cycle completed. Pages: 29/29, Processed: 580, Dropped: 0.
[2026-09-24T17:06:24] [INFO] --- Player Rank Import Task Completed ---
[2026-09-24T17:06:24] [INFO] --- Starting Player Rank Import Task ---
[2026-09-24T17:06:24] [ERROR] [prefecture] マスター(master) p241: **prefectureId が返ってきていない**。実際の項目名: id, playerId, nickname, currentLeagueId, currentRanking, prefectureName, championShipPoint, publicFlg, championFlg, avatarImage
[2026-09-24T17:06:24] [ERROR] [prefecture] マスター(master) p242: **prefectureId が返ってきていない**。実際の項目名: id, playerId, nickname, currentLeagueId, currentRanking, prefectureName, championShipPoint, publicFlg, championFlg, avatarImage
[2026-09-24T17:06:24] [ERROR] [prefecture] マスター(master) p243: **prefectureId が返ってきていない**。実際の項目名: id, playerId, nickname, currentLeagueId, currentRanking, prefectureName, championShipPoint, publicFlg, championFlg, avatarImage
[2026-09-24T17:06:24] [INFO] マスター (master) cycle completed. Pages: 243/243, Processed: 60, Dropped: 0.
[2026-09-24T17:06:24] [INFO] Starting new rank fetch cycle for シニア (senior)...
[2026-09-24T17:06:24] [ERROR] [prefecture] シニア(senior) p1: **prefectureId が返ってきていない**。実際の項目名: id, playerId, nickname, currentLeagueId, currentRanking, prefectureName, championShipPoint, publicFlg, championFlg, avatarImage
[2026-09-24T17:06:24] [ERROR] [prefecture] シニア(senior) p2: **prefectureId が返ってきていない**。実際の項目名: id, playerId, nickname, currentLeagueId, currentRanking, prefectureName, championShipPoint, publicFlg, championFlg, avatarImage
[2026-09-24T17:06:24] [ERROR] [prefecture] シニア(senior) p3: **prefectureId が返ってきていない**。実際の項目名: id, playerId, nickname, currentLeagueId, currentRanking, prefectureName, championShipPoint, publicFlg, championFlg, avatarImage
[2026-09-24T17:06:24] [ERROR] [prefecture] シニア(senior) p4: **prefectureId が返ってきていない**。実際の項目名: id, playerId, nickname, currentLeagueId, currentRanking, prefectureName, championShipPoint, publicFlg, championFlg, avatarImage
[2026-09-24T17:06:24] [ERROR] [prefecture] シニア(senior) p5: **prefectureId が返ってきていない**。実際の項目名: id, playerId, nickname, currentLeagueId, currentRanking, prefectureName, championShipPoint, publicFlg, championFlg, avatarImage
[2026-09-24T17:06:24] [ERROR] [prefecture] シニア(senior) p6: **prefectureId が返ってきていない**。実際の項目名: id, playerId, nickname, currentLeagueId, currentRanking, prefectureName, championShipPoint, publicFlg, championFlg, avatarImage
[2026-09-24T17:06:24] [ERROR] [prefecture] シニア(senior) p7: **prefectureId が返ってきていない**。実際の項目名: id, playerId, nickname, currentLeagueId, currentRanking, prefectureName, championShipPoint, publicFlg, championFlg, avatarImage
[2026-09-24T17:06:24] [ERROR] [prefecture] シニア(senior) p8: **prefectureId が返ってきていない**。実際の項目名: id, playerId, nickname, currentLeagueId, currentRanking, prefectureName, championShipPoint, publicFlg, championFlg, avatarImage
[2026-09-24T17:06:24] [ERROR] [prefecture] シニア(senior) p9: **prefectureId が返ってきていない**。実際の項目名: id, playerId, nickname, currentLeagueId, currentRanking, prefectureName, championShipPoint, publicFlg, championFlg, avatarImage
[2026-09-24T17:06:24] [ERROR] [prefecture] シニア(senior) p10: **prefectureId が返ってきていない**。実際の項目名: id, playerId, nickname, currentLeagueId, currentRanking, prefectureName, championShipPoint, publicFlg, championFlg, avatarImage
[2026-09-24T17:06:24] [ERROR] [prefecture] シニア(senior) p11: **prefectureId が返ってきていない**。実際の項目名: id, playerId, nickname, currentLeagueId, currentRanking, prefectureName, championShipPoint, publicFlg, championFlg, avatarImage
[2026-09-24T17:06:24] [ERROR] [prefecture] シニア(senior) p12: **prefectureId が返ってきていない**。実際の項目名: id, playerId, nickname, currentLeagueId, currentRanking, prefectureName, championShipPoint, publicFlg, championFlg, avatarImage
[2026-09-24T17:06:24] [ERROR] [prefecture] シニア(senior) p13: **prefectureId が返ってきていない**。実際の項目名: id, playerId, nickname, currentLeagueId, currentRanking, prefectureName, championShipPoint, publicFlg, championFlg, avatarImage
[2026-09-24T17:06:24] [ERROR] [prefecture] シニア(senior) p14: **prefectureId が返ってきていない**。実際の項目名: id, playerId, nickname, currentLeagueId, currentRanking, prefectureName, championShipPoint, publicFlg, championFlg, avatarImage
[2026-09-24T17:06:24] [ERROR] [prefecture] シニア(senior) p15: **prefectureId が返ってきていない**。実際の項目名: id, playerId, nickname, currentLeagueId, currentRanking, prefectureName, championShipPoint, publicFlg, championFlg, avatarImage
[2026-09-24T17:06:24] [ERROR] [prefecture] シニア(senior) p16: **prefectureId が返ってきていない**。実際の項目名: id, playerId, nickname, currentLeagueId, currentRanking, prefectureName, championShipPoint, publicFlg, championFlg, avatarImage
[2026-09-24T17:06:24] [ERROR] [prefecture] シニア(senior) p17: **prefectureId が返ってきていない**。実際の項目名: id, playerId, nickname, currentLeagueId, currentRanking, prefectureName, championShipPoint, publicFlg, championFlg, avatarImage
[2026-09-24T17:06:24] [ERROR] [prefecture] シニア(senior) p18: **prefectureId が返ってきていない**。実際の項目名: id, playerId, nickname, currentLeagueId, currentRanking, prefectureName, championShipPoint, publicFlg, championFlg, avatarImage
[2026-09-24T17:06:24] [ERROR] [prefecture] シニア(senior) p19: **prefectureId が返ってきていない**。実際の項目名: id, playerId, nickname, currentLeagueId, currentRanking, prefectureName, championShipPoint, publicFlg, championFlg, avatarImage
[2026-09-24T17:06:24] [ERROR] [prefecture] シニア(senior) p20: **prefectureId が返ってきていない**。実際の項目名: id, playerId, nickname, currentLeagueId, currentRanking, prefectureName, championShipPoint, publicFlg, championFlg, avatarImage
[2026-09-24T17:06:24] [ERROR] [prefecture] シニア(senior) p21: **prefectureId が返ってきていない**。実際の項目名: id, playerId, nickname, currentLeagueId, currentRanking, prefectureName, championShipPoint, publicFlg, championFlg, avatarImage
[2026-09-24T17:06:24] [ERROR] [prefecture] シニア(senior) p22: **prefectureId が返ってきていない**。実際の項目名: id, playerId, nickname, currentLeagueId, currentRanking, prefectureName, championShipPoint, publicFlg, championFlg, avatarImage
[2026-09-24T17:06:24] [ERROR] [prefecture] シニア(senior) p23: **prefectureId が返ってきていない**。実際の項目名: id, playerId, nickname, currentLeagueId, currentRanking, prefectureName, championShipPoint, publicFlg, championFlg, avatarImage
[2026-09-24T17:06:24] [ERROR] [prefecture] シニア(senior) p24: **prefectureId が返ってきていない**。実際の項目名: id, playerId, nickname, currentLeagueId, currentRanking, prefectureName, championShipPoint, publicFlg, championFlg, avatarImage
[2026-09-24T17:06:24] [ERROR] [prefecture] シニア(senior) p25: **prefectureId が返ってきていない**。実際の項目名: id, playerId, nickname, currentLeagueId, currentRanking, prefectureName, championShipPoint, publicFlg, championFlg, avatarImage
[2026-09-24T17:06:24] [ERROR] [prefecture] シニア(senior) p26: **prefectureId が返ってきていない**。実際の項目名: id, playerId, nickname, currentLeagueId, currentRanking, prefectureName, championShipPoint, publicFlg, championFlg, avatarImage
[2026-09-24T17:06:24] [ERROR] [prefecture] シニア(senior) p27: **prefectureId が返ってきていない**。実際の項目名: id, playerId, nickname, currentLeagueId, currentRanking, prefectureName, championShipPoint, publicFlg, championFlg, avatarImage
[2026-09-24T17:06:24] [ERROR] [prefecture] シニア(senior) p28: **prefectureId が返ってきていない**。実際の項目名: id, playerId, nickname, currentLeagueId, currentRanking, prefectureName, championShipPoint, publicFlg, championFlg, avatarImage
[2026-09-24T17:06:24] [ERROR] [prefecture] シニア(senior) p29: **prefectureId が返ってきていない**。実際の項目名: id, playerId, nickname, currentLeagueId, currentRanking, prefectureName, championShipPoint, publicFlg, championFlg, avatarImage
[2026-09-24T17:06:24] [ERROR] [prefecture] シニア(senior) p30: **prefectureId が返ってきていない**。実際の項目名: id, playerId, nickname, currentLeagueId, currentRanking, prefectureName, championShipPoint, publicFlg, championFlg, avatarImage
[2026-09-24T17:06:24] [ERROR] [prefecture] シニア(senior) p31: **prefectureId が返ってきていない**。実際の項目名: id, playerId, nickname, currentLeagueId, currentRanking, prefectureName, championShipPoint, publicFlg, championFlg, avatarImage
[2026-09-24T17:06:24] [ERROR] [prefecture] シニア(senior) p32: **prefectureId が返ってきていない**。実際の項目名: id, playerId, nickname, currentLeagueId, currentRanking, prefectureName, championShipPoint, publicFlg, championFlg, avatarImage
[2026-09-24T17:06:24] [ERROR] [prefecture] シニア(senior) p33: **prefectureId が返ってきていない**。実際の項目名: id, playerId, nickname, currentLeagueId, currentRanking, prefectureName, championShipPoint, publicFlg, championFlg, avatarImage
[2026-09-24T17:06:24] [ERROR] [prefecture] シニア(senior) p34: **prefectureId が返ってきていない**。実際の項目名: id, playerId, nickname, currentLeagueId, currentRanking, prefectureName, championShipPoint, publicFlg, championFlg, avatarImage
[2026-09-24T17:06:24] [ERROR] [prefecture] シニア(senior) p35: **prefectureId が返ってきていない**。実際の項目名: id, playerId, nickname, currentLeagueId, currentRanking, prefectureName, championShipPoint, publicFlg, championFlg, avatarImage
[2026-09-24T17:06:24] [ERROR] [prefecture] シニア(senior) p36: **prefectureId が返ってきていない**。実際の項目名: id, playerId, nickname, currentLeagueId, currentRanking, prefectureName, championShipPoint, publicFlg, championFlg, avatarImage
[2026-09-24T17:06:24] [ERROR] [prefecture] シニア(senior) p37: **prefectureId が返ってきていない**。実際の項目名: id, playerId, nickname, currentLeagueId, currentRanking, prefectureName, championShipPoint, publicFlg, championFlg, avatarImage
[2026-09-24T17:06:24] [ERROR] [prefecture] シニア(senior) p38: **prefectureId が返ってきていない**。実際の項目名: id, playerId, nickname, currentLeagueId, currentRanking, prefectureName, championShipPoint, publicFlg, championFlg, avatarImage
[2026-09-24T17:06:24] [ERROR] [prefecture] シニア(senior) p39: **prefectureId が返ってきていない**。実際の項目名: id, playerId, nickname, currentLeagueId, currentRanking, prefectureName, championShipPoint, publicFlg, championFlg, avatarImage
[2026-09-24T17:06:24] [ERROR] [prefecture] シニア(senior) p40: **prefectureId が返ってきていない**。実際の項目名: id, playerId, nickname, currentLeagueId, currentRanking, prefectureName, championShipPoint, publicFlg, championFlg, avatarImage
[2026-09-24T17:06:24] [ERROR] [prefecture] シニア(senior) p41: **prefectureId が返ってきていない**。実際の項目名: id, playerId, nickname, currentLeagueId, currentRanking, prefectureName, championShipPoint, publicFlg, championFlg, avatarImage
[2026-09-24T17:06:24] [ERROR] [prefecture] シニア(senior) p42: **prefectureId が返ってきていない**。実際の項目名: id, playerId, nickname, currentLeagueId, currentRanking, prefectureName, championShipPoint, publicFlg, championFlg, avatarImage
[2026-09-24T17:06:24] [INFO] シニア (senior) cycle completed. Pages: 42/42, Processed: 840, Dropped: 0.
[2026-09-24T17:06:24] [INFO] Starting new rank fetch cycle for ジュニア (junior)...
[2026-09-24T17:06:24] [ERROR] [prefecture] ジュニア(junior) p1: **prefectureId が返ってきていない**。実際の項目名: id, playerId, nickname, currentLeagueId, currentRanking, prefectureName, championShipPoint, publicFlg, championFlg, avatarImage
[2026-09-24T17:06:24] [ERROR] [prefecture] ジュニア(junior) p2: **prefectureId が返ってきていない**。実際の項目名: id, playerId, nickname, currentLeagueId, currentRanking, prefectureName, championShipPoint, publicFlg, championFlg, avatarImage
[2026-09-24T17:06:24] [ERROR] [prefecture] ジュニア(junior) p3: **prefectureId が返ってきていない**。実際の項目名: id, playerId, nickname, currentLeagueId, currentRanking, prefectureName, championShipPoint, publicFlg, championFlg, avatarImage
[2026-09-24T17:06:24] [ERROR] [prefecture] ジュニア(junior) p4: **prefectureId が返ってきていない**。実際の項目名: id, playerId, nickname, currentLeagueId, currentRanking, prefectureName, championShipPoint, publicFlg, championFlg, avatarImage
[2026-09-24T17:06:24] [ERROR] [prefecture] ジュニア(junior) p5: **prefectureId が返ってきていない**。実際の項目名: id, playerId, nickname, currentLeagueId, currentRanking, prefectureName, championShipPoint, publicFlg, championFlg, avatarImage
[2026-09-24T17:06:24] [ERROR] [prefecture] ジュニア(junior) p6: **prefectureId が返ってきていない**。実際の項目名: id, playerId, nickname, currentLeagueId, currentRanking, prefectureName, championShipPoint, publicFlg, championFlg, avatarImage
[2026-09-24T17:06:24] [ERROR] [prefecture] ジュニア(junior) p7: **prefectureId が返ってきていない**。実際の項目名: id, playerId, nickname, currentLeagueId, currentRanking, prefectureName, championShipPoint, publicFlg, championFlg, avatarImage
[2026-09-24T17:06:24] [ERROR] [prefecture] ジュニア(junior) p8: **prefectureId が返ってきていない**。実際の項目名: id, playerId, nickname, currentLeagueId, currentRanking, prefectureName, championShipPoint, publicFlg, championFlg, avatarImage
[2026-09-24T17:06:24] [ERROR] [prefecture] ジュニア(junior) p9: **prefectureId が返ってきていない**。実際の項目名: id, playerId, nickname, currentLeagueId, currentRanking, prefectureName, championShipPoint, publicFlg, championFlg, avatarImage
[2026-09-24T17:06:24] [ERROR] [prefecture] ジュニア(junior) p10: **prefectureId が返ってきていない**。実際の項目名: id, playerId, nickname, currentLeagueId, currentRanking, prefectureName, championShipPoint, publicFlg, championFlg, avatarImage
[2026-09-24T17:06:24] [ERROR] [prefecture] ジュニア(junior) p11: **prefectureId が返ってきていない**。実際の項目名: id, playerId, nickname, currentLeagueId, currentRanking, prefectureName, championShipPoint, publicFlg, championFlg, avatarImage
[2026-09-24T17:06:24] [ERROR] [prefecture] ジュニア(junior) p12: **prefectureId が返ってきていない**。実際の項目名: id, playerId, nickname, currentLeagueId, currentRanking, prefectureName, championShipPoint, publicFlg, championFlg, avatarImage
[2026-09-24T17:06:24] [ERROR] [prefecture] ジュニア(junior) p13: **prefectureId が返ってきていない**。実際の項目名: id, playerId, nickname, currentLeagueId, currentRanking, prefectureName, championShipPoint, publicFlg, championFlg, avatarImage
[2026-09-24T17:06:24] [ERROR] [prefecture] ジュニア(junior) p14: **prefectureId が返ってきていない**。実際の項目名: id, playerId, nickname, currentLeagueId, currentRanking, prefectureName, championShipPoint, publicFlg, championFlg, avatarImage
[2026-09-24T17:06:24] [ERROR] [prefecture] ジュニア(junior) p15: **prefectureId が返ってきていない**。実際の項目名: id, playerId, nickname, currentLeagueId, currentRanking, prefectureName, championShipPoint, publicFlg, championFlg, avatarImage
[2026-09-24T17:06:24] [ERROR] [prefecture] ジュニア(junior) p16: **prefectureId が返ってきていない**。実際の項目名: id, playerId, nickname, currentLeagueId, currentRanking, prefectureName, championShipPoint, publicFlg, championFlg, avatarImage
[2026-09-24T17:06:24] [ERROR] [prefecture] ジュニア(junior) p17: **prefectureId が返ってきていない**。実際の項目名: id, playerId, nickname, currentLeagueId, currentRanking, prefectureName, championShipPoint, publicFlg, championFlg, avatarImage
[2026-09-24T17:06:24] [ERROR] [prefecture] ジュニア(junior) p18: **prefectureId が返ってきていない**。実際の項目名: id, playerId, nickname, currentLeagueId, currentRanking, prefectureName, championShipPoint, publicFlg, championFlg, avatarImage
[2026-09-24T17:06:24] [ERROR] [prefecture] ジュニア(junior) p19: **prefectureId が返ってきていない**。実際の項目名: id, playerId, nickname, currentLeagueId, currentRanking, prefectureName, championShipPoint, publicFlg, championFlg, avatarImage
[2026-09-24T17:06:24] [ERROR] [prefecture] ジュニア(junior) p20: **prefectureId が返ってきていない**。実際の項目名: id, playerId, nickname, currentLeagueId, currentRanking, prefectureName, championShipPoint, publicFlg, championFlg, avatarImage
[2026-09-24T17:06:24] [ERROR] [prefecture] ジュニア(junior) p21: **prefectureId が返ってきていない**。実際の項目名: id, playerId, nickname, currentLeagueId, currentRanking, prefectureName, championShipPoint, publicFlg, championFlg, avatarImage
[2026-09-24T17:06:24] [ERROR] [prefecture] ジュニア(junior) p22: **prefectureId が返ってきていない**。実際の項目名: id, playerId, nickname, currentLeagueId, currentRanking, prefectureName, championShipPoint, publicFlg, championFlg, avatarImage
[2026-09-24T17:06:24] [ERROR] [prefecture] ジュニア(junior) p23: **prefectureId が返ってきていない**。実際の項目名: id, playerId, nickname, currentLeagueId, currentRanking, prefectureName, championShipPoint, publicFlg, championFlg, avatarImage
[2026-09-24T17:06:24] [ERROR] [prefecture] ジュニア(junior) p24: **prefectureId が返ってきていない**。実際の項目名: id, playerId, nickname, currentLeagueId, currentRanking, prefectureName, championShipPoint, publicFlg, championFlg, avatarImage
[2026-09-24T17:06:24] [ERROR] [prefecture] ジュニア(junior) p25: **prefectureId が返ってきていない**。実際の項目名: id, playerId, nickname, currentLeagueId, currentRanking, prefectureName, championShipPoint, publicFlg, championFlg, avatarImage
[2026-09-24T17:06:24] [ERROR] [prefecture] ジュニア(junior) p26: **prefectureId が返ってきていない**。実際の項目名: id, playerId, nickname, currentLeagueId, currentRanking, prefectureName, championShipPoint, publicFlg, championFlg, avatarImage
[2026-09-24T17:06:24] [ERROR] [prefecture] ジュニア(junior) p27: **prefectureId が返ってきていない**。実際の項目名: id, playerId, nickname, currentLeagueId, currentRanking, prefectureName, championShipPoint, publicFlg, championFlg, avatarImage
[2026-09-24T17:06:24] [ERROR] [prefecture] ジュニア(junior) p28: **prefectureId が返ってきていない**。実際の項目名: id, playerId, nickname, currentLeagueId, currentRanking, prefectureName, championShipPoint, publicFlg, championFlg, avatarImage
[2026-09-24T17:06:24] [ERROR] [prefecture] ジュニア(junior) p29: **prefectureId が返ってきていない**。実際の項目名: id, playerId, nickname, currentLeagueId, currentRanking, prefectureName, championShipPoint, publicFlg, championFlg, avatarImage
[2026-09-24T17:06:24] [INFO] ジュニア (junior) cycle completed. Pages: 29/29, Processed: 580, Dropped: 0.
[2026-09-24T17:06:24] [INFO] --- Player Rank Import Task Completed ---
[2026-09-24T17:06:35] [INFO] --- Starting Player Rank Import Task ---
[2026-09-24T17:06:35] [ERROR] Error processing player rank for マスター (master): Cannot access 'cyclePages' before initialization
[2026-09-24T17:06:35] [ERROR] Error processing player rank for シニア (senior): Cannot access 'cyclePages' before initialization
[2026-09-24T17:06:35] [ERROR] Error processing player rank for ジュニア (junior): Cannot access 'cyclePages' before initialization
[2026-09-24T17:06:35] [ERROR] 全リーグで取り込みに失敗しました: マスター(master): Cannot access 'cyclePages' before initialization / シニア(senior): Cannot access 'cyclePages' before initialization / ジュニア(junior): Cannot access 'cyclePages' before initialization
[2026-09-24T17:06:35] [INFO] --- Starting Player Rank Import Task ---
[2026-09-24T17:06:35] [INFO] Starting new rank fetch cycle for マスター (master)...
[2026-09-24T17:06:35] [ERROR] [prefecture] マスター(master) p1: **prefectureId が返ってきていない**。実際の項目名: id, playerId, nickname, currentLeagueId, currentRanking, prefectureName, championShipPoint, publicFlg, championFlg, avatarImage
[2026-09-24T17:06:35] [ERROR] [prefecture] マスター(master) p2: **prefectureId が返ってきていない**。実際の項目名: id, playerId, nickname, currentLeagueId, currentRanking, prefectureName, championShipPoint, publicFlg, championFlg, avatarImage
[2026-09-24T17:06:35] [ERROR] [prefecture] マスター(master) p3: **prefectureId が返ってきていない**。実際の項目名: id, playerId, nickname, currentLeagueId, currentRanking, prefectureName, championShipPoint, publicFlg, championFlg, avatarImage
[2026-09-24T17:06:35] [ERROR] [prefecture] マスター(master) p4: **prefectureId が返ってきていない**。実際の項目名: id, playerId, nickname, currentLeagueId, currentRanking, prefectureName, championShipPoint, publicFlg, championFlg, avatarImage
[2026-09-24T17:06:35] [ERROR] [prefecture] マスター(master) p5: **prefectureId が返ってきていない**。実際の項目名: id, playerId, nickname, currentLeagueId, currentRanking, prefectureName, championShipPoint, publicFlg, championFlg, avatarImage
[2026-09-24T17:06:35] [ERROR] [prefecture] マスター(master) p6: **prefectureId が返ってきていない**。実際の項目名: id, playerId, nickname, currentLeagueId, currentRanking, prefectureName, championShipPoint, publicFlg, championFlg, avatarImage
[2026-09-24T17:06:35] [ERROR] [prefecture] マスター(master) p7: **prefectureId が返ってきていない**。実際の項目名: id, playerId, nickname, currentLeagueId, currentRanking, prefectureName, championShipPoint, publicFlg, championFlg, avatarImage
[2026-09-24T17:06:35] [ERROR] [prefecture] マスター(master) p8: **prefectureId が返ってきていない**。実際の項目名: id, playerId, nickname, currentLeagueId, currentRanking, prefectureName, championShipPoint, publicFlg, championFlg, avatarImage
[2026-09-24T17:06:35] [ERROR] [prefecture] マスター(master) p9: **prefectureId が返ってきていない**。実際の項目名: id, playerId, nickname, currentLeagueId, currentRanking, prefectureName, championShipPoint, publicFlg, championFlg, avatarImage
[2026-09-24T17:06:35] [ERROR] [prefecture] マスター(master) p10: **prefectureId が返ってきていない**。実際の項目名: id, playerId, nickname, currentLeagueId, currentRanking, prefectureName, championShipPoint, publicFlg, championFlg, avatarImage
[2026-09-24T17:06:35] [ERROR] [prefecture] マスター(master) p11: **prefectureId が返ってきていない**。実際の項目名: id, playerId, nickname, currentLeagueId, currentRanking, prefectureName, championShipPoint, publicFlg, championFlg, avatarImage
[2026-09-24T17:06:35] [ERROR] [prefecture] マスター(master) p12: **prefectureId が返ってきていない**。実際の項目名: id, playerId, nickname, currentLeagueId, currentRanking, prefectureName, championShipPoint, publicFlg, championFlg, avatarImage
[2026-09-24T17:06:35] [ERROR] [prefecture] マスター(master) p13: **prefectureId が返ってきていない**。実際の項目名: id, playerId, nickname, currentLeagueId, currentRanking, prefectureName, championShipPoint, publicFlg, championFlg, avatarImage
[2026-09-24T17:06:35] [ERROR] [prefecture] マスター(master) p14: **prefectureId が返ってきていない**。実際の項目名: id, playerId, nickname, currentLeagueId, currentRanking, prefectureName, championShipPoint, publicFlg, championFlg, avatarImage
[2026-09-24T17:06:35] [ERROR] [prefecture] マスター(master) p15: **prefectureId が返ってきていない**。実際の項目名: id, playerId, nickname, currentLeagueId, currentRanking, prefectureName, championShipPoint, publicFlg, championFlg, avatarImage
[2026-09-24T17:06:35] [ERROR] [prefecture] マスター(master) p16: **prefectureId が返ってきていない**。実際の項目名: id, playerId, nickname, currentLeagueId, currentRanking, prefectureName, championShipPoint, publicFlg, championFlg, avatarImage
[2026-09-24T17:06:35] [ERROR] [prefecture] マスター(master) p17: **prefectureId が返ってきていない**。実際の項目名: id, playerId, nickname, currentLeagueId, currentRanking, prefectureName, championShipPoint, publicFlg, championFlg, avatarImage
[2026-09-24T17:06:35] [ERROR] [prefecture] マスター(master) p18: **prefectureId が返ってきていない**。実際の項目名: id, playerId, nickname, currentLeagueId, currentRanking, prefectureName, championShipPoint, publicFlg, championFlg, avatarImage
[2026-09-24T17:06:35] [ERROR] [prefecture] マスター(master) p19: **prefectureId が返ってきていない**。実際の項目名: id, playerId, nickname, currentLeagueId, currentRanking, prefectureName, championShipPoint, publicFlg, championFlg, avatarImage
[2026-09-24T17:06:35] [ERROR] [prefecture] マスター(master) p20: **prefectureId が返ってきていない**。実際の項目名: id, playerId, nickname, currentLeagueId, currentRanking, prefectureName, championShipPoint, publicFlg, championFlg, avatarImage
[2026-09-24T17:06:35] [ERROR] [prefecture] マスター(master) p21: **prefectureId が返ってきていない**。実際の項目名: id, playerId, nickname, currentLeagueId, currentRanking, prefectureName, championShipPoint, publicFlg, championFlg, avatarImage
[2026-09-24T17:06:35] [ERROR] [prefecture] マスター(master) p22: **prefectureId が返ってきていない**。実際の項目名: id, playerId, nickname, currentLeagueId, currentRanking, prefectureName, championShipPoint, publicFlg, championFlg, avatarImage
[2026-09-24T17:06:35] [ERROR] [prefecture] マスター(master) p23: **prefectureId が返ってきていない**。実際の項目名: id, playerId, nickname, currentLeagueId, currentRanking, prefectureName, championShipPoint, publicFlg, championFlg, avatarImage
[2026-09-24T17:06:35] [ERROR] [prefecture] マスター(master) p24: **prefectureId が返ってきていない**。実際の項目名: id, playerId, nickname, currentLeagueId, currentRanking, prefectureName, championShipPoint, publicFlg, championFlg, avatarImage
[2026-09-24T17:06:35] [ERROR] [prefecture] マスター(master) p25: **prefectureId が返ってきていない**。実際の項目名: id, playerId, nickname, currentLeagueId, currentRanking, prefectureName, championShipPoint, publicFlg, championFlg, avatarImage
[2026-09-24T17:06:35] [ERROR] [prefecture] マスター(master) p26: **prefectureId が返ってきていない**。実際の項目名: id, playerId, nickname, currentLeagueId, currentRanking, prefectureName, championShipPoint, publicFlg, championFlg, avatarImage
[2026-09-24T17:06:35] [ERROR] [prefecture] マスター(master) p27: **prefectureId が返ってきていない**。実際の項目名: id, playerId, nickname, currentLeagueId, currentRanking, prefectureName, championShipPoint, publicFlg, championFlg, avatarImage
[2026-09-24T17:06:35] [ERROR] [prefecture] マスター(master) p28: **prefectureId が返ってきていない**。実際の項目名: id, playerId, nickname, currentLeagueId, currentRanking, prefectureName, championShipPoint, publicFlg, championFlg, avatarImage
[2026-09-24T17:06:35] [ERROR] [prefecture] マスター(master) p29: **prefectureId が返ってきていない**。実際の項目名: id, playerId, nickname, currentLeagueId, currentRanking, prefectureName, championShipPoint, publicFlg, championFlg, avatarImage
[2026-09-24T17:06:35] [ERROR] [prefecture] マスター(master) p30: **prefectureId が返ってきていない**。実際の項目名: id, playerId, nickname, currentLeagueId, currentRanking, prefectureName, championShipPoint, publicFlg, championFlg, avatarImage
[2026-09-24T17:06:35] [ERROR] [prefecture] マスター(master) p31: **prefectureId が返ってきていない**。実際の項目名: id, playerId, nickname, currentLeagueId, currentRanking, prefectureName, championShipPoint, publicFlg, championFlg, avatarImage
[2026-09-24T17:06:35] [ERROR] [prefecture] マスター(master) p32: **prefectureId が返ってきていない**。実際の項目名: id, playerId, nickname, currentLeagueId, currentRanking, prefectureName, championShipPoint, publicFlg, championFlg, avatarImage
[2026-09-24T17:06:35] [ERROR] [prefecture] マスター(master) p33: **prefectureId が返ってきていない**。実際の項目名: id, playerId, nickname, currentLeagueId, currentRanking, prefectureName, championShipPoint, publicFlg, championFlg, avatarImage
[2026-09-24T17:06:35] [ERROR] [prefecture] マスター(master) p34: **prefectureId が返ってきていない**。実際の項目名: id, playerId, nickname, currentLeagueId, currentRanking, prefectureName, championShipPoint, publicFlg, championFlg, avatarImage
[2026-09-24T17:06:35] [ERROR] [prefecture] マスター(master) p35: **prefectureId が返ってきていない**。実際の項目名: id, playerId, nickname, currentLeagueId, currentRanking, prefectureName, championShipPoint, publicFlg, championFlg, avatarImage
[2026-09-24T17:06:35] [ERROR] [prefecture] マスター(master) p36: **prefectureId が返ってきていない**。実際の項目名: id, playerId, nickname, currentLeagueId, currentRanking, prefectureName, championShipPoint, publicFlg, championFlg, avatarImage
[2026-09-24T17:06:35] [ERROR] [prefecture] マスター(master) p37: **prefectureId が返ってきていない**。実際の項目名: id, playerId, nickname, currentLeagueId, currentRanking, prefectureName, championShipPoint, publicFlg, championFlg, avatarImage
[2026-09-24T17:06:35] [ERROR] [prefecture] マスター(master) p38: **prefectureId が返ってきていない**。実際の項目名: id, playerId, nickname, currentLeagueId, currentRanking, prefectureName, championShipPoint, publicFlg, championFlg, avatarImage
[2026-09-24T17:06:35] [ERROR] [prefecture] マスター(master) p39: **prefectureId が返ってきていない**。実際の項目名: id, playerId, nickname, currentLeagueId, currentRanking, prefectureName, championShipPoint, publicFlg, championFlg, avatarImage
[2026-09-24T17:06:35] [ERROR] [prefecture] マスター(master) p40: **prefectureId が返ってきていない**。実際の項目名: id, playerId, nickname, currentLeagueId, currentRanking, prefectureName, championShipPoint, publicFlg, championFlg, avatarImage
[2026-09-24T17:06:35] [ERROR] [prefecture] マスター(master) p41: **prefectureId が返ってきていない**。実際の項目名: id, playerId, nickname, currentLeagueId, currentRanking, prefectureName, championShipPoint, publicFlg, championFlg, avatarImage
[2026-09-24T17:06:35] [ERROR] [prefecture] マスター(master) p42: **prefectureId が返ってきていない**。実際の項目名: id, playerId, nickname, currentLeagueId, currentRanking, prefectureName, championShipPoint, publicFlg, championFlg, avatarImage
[2026-09-24T17:06:35] [ERROR] [prefecture] マスター(master) p43: **prefectureId が返ってきていない**。実際の項目名: id, playerId, nickname, currentLeagueId, currentRanking, prefectureName, championShipPoint, publicFlg, championFlg, avatarImage
[2026-09-24T17:06:35] [ERROR] [prefecture] マスター(master) p44: **prefectureId が返ってきていない**。実際の項目名: id, playerId, nickname, currentLeagueId, currentRanking, prefectureName, championShipPoint, publicFlg, championFlg, avatarImage
[2026-09-24T17:06:35] [ERROR] [prefecture] マスター(master) p45: **prefectureId が返ってきていない**。実際の項目名: id, playerId, nickname, currentLeagueId, currentRanking, prefectureName, championShipPoint, publicFlg, championFlg, avatarImage
[2026-09-24T17:06:35] [ERROR] [prefecture] マスター(master) p46: **prefectureId が返ってきていない**。実際の項目名: id, playerId, nickname, currentLeagueId, currentRanking, prefectureName, championShipPoint, publicFlg, championFlg, avatarImage
[2026-09-24T17:06:35] [ERROR] [prefecture] マスター(master) p47: **prefectureId が返ってきていない**。実際の項目名: id, playerId, nickname, currentLeagueId, currentRanking, prefectureName, championShipPoint, publicFlg, championFlg, avatarImage
[2026-09-24T17:06:35] [ERROR] [prefecture] マスター(master) p48: **prefectureId が返ってきていない**。実際の項目名: id, playerId, nickname, currentLeagueId, currentRanking, prefectureName, championShipPoint, publicFlg, championFlg, avatarImage
[2026-09-24T17:06:35] [ERROR] [prefecture] マスター(master) p49: **prefectureId が返ってきていない**。実際の項目名: id, playerId, nickname, currentLeagueId, currentRanking, prefectureName, championShipPoint, publicFlg, championFlg, avatarImage
[2026-09-24T17:06:35] [ERROR] [prefecture] マスター(master) p50: **prefectureId が返ってきていない**。実際の項目名: id, playerId, nickname, currentLeagueId, currentRanking, prefectureName, championShipPoint, publicFlg, championFlg, avatarImage
[2026-09-24T17:06:35] [ERROR] [prefecture] マスター(master) p51: **prefectureId が返ってきていない**。実際の項目名: id, playerId, nickname, currentLeagueId, currentRanking, prefectureName, championShipPoint, publicFlg, championFlg, avatarImage
[2026-09-24T17:06:35] [ERROR] [prefecture] マスター(master) p52: **prefectureId が返ってきていない**。実際の項目名: id, playerId, nickname, currentLeagueId, currentRanking, prefectureName, championShipPoint, publicFlg, championFlg, avatarImage
[2026-09-24T17:06:35] [ERROR] [prefecture] マスター(master) p53: **prefectureId が返ってきていない**。実際の項目名: id, playerId, nickname, currentLeagueId, currentRanking, prefectureName, championShipPoint, publicFlg, championFlg, avatarImage
[2026-09-24T17:06:35] [ERROR] [prefecture] マスター(master) p54: **prefectureId が返ってきていない**。実際の項目名: id, playerId, nickname, currentLeagueId, currentRanking, prefectureName, championShipPoint, publicFlg, championFlg, avatarImage
[2026-09-24T17:06:35] [ERROR] [prefecture] マスター(master) p55: **prefectureId が返ってきていない**。実際の項目名: id, playerId, nickname, currentLeagueId, currentRanking, prefectureName, championShipPoint, publicFlg, championFlg, avatarImage
[2026-09-24T17:06:35] [ERROR] [prefecture] マスター(master) p56: **prefectureId が返ってきていない**。実際の項目名: id, playerId, nickname, currentLeagueId, currentRanking, prefectureName, championShipPoint, publicFlg, championFlg, avatarImage
[2026-09-24T17:06:35] [ERROR] [prefecture] マスター(master) p57: **prefectureId が返ってきていない**。実際の項目名: id, playerId, nickname, currentLeagueId, currentRanking, prefectureName, championShipPoint, publicFlg, championFlg, avatarImage
[2026-09-24T17:06:35] [ERROR] [prefecture] マスター(master) p58: **prefectureId が返ってきていない**。実際の項目名: id, playerId, nickname, currentLeagueId, currentRanking, prefectureName, championShipPoint, publicFlg, championFlg, avatarImage
[2026-09-24T17:06:35] [ERROR] [prefecture] マスター(master) p59: **prefectureId が返ってきていない**。実際の項目名: id, playerId, nickname, currentLeagueId, currentRanking, prefectureName, championShipPoint, publicFlg, championFlg, avatarImage
[2026-09-24T17:06:35] [ERROR] [prefecture] マスター(master) p60: **prefectureId が返ってきていない**。実際の項目名: id, playerId, nickname, currentLeagueId, currentRanking, prefectureName, championShipPoint, publicFlg, championFlg, avatarImage
[2026-09-24T17:06:35] [ERROR] [prefecture] マスター(master) p61: **prefectureId が返ってきていない**。実際の項目名: id, playerId, nickname, currentLeagueId, currentRanking, prefectureName, championShipPoint, publicFlg, championFlg, avatarImage
[2026-09-24T17:06:35] [ERROR] [prefecture] マスター(master) p62: **prefectureId が返ってきていない**。実際の項目名: id, playerId, nickname, currentLeagueId, currentRanking, prefectureName, championShipPoint, publicFlg, championFlg, avatarImage
[2026-09-24T17:06:35] [ERROR] [prefecture] マスター(master) p63: **prefectureId が返ってきていない**。実際の項目名: id, playerId, nickname, currentLeagueId, currentRanking, prefectureName, championShipPoint, publicFlg, championFlg, avatarImage
[2026-09-24T17:06:35] [ERROR] [prefecture] マスター(master) p64: **prefectureId が返ってきていない**。実際の項目名: id, playerId, nickname, currentLeagueId, currentRanking, prefectureName, championShipPoint, publicFlg, championFlg, avatarImage
[2026-09-24T17:06:35] [ERROR] [prefecture] マスター(master) p65: **prefectureId が返ってきていない**。実際の項目名: id, playerId, nickname, currentLeagueId, currentRanking, prefectureName, championShipPoint, publicFlg, championFlg, avatarImage
[2026-09-24T17:06:35] [ERROR] [prefecture] マスター(master) p66: **prefectureId が返ってきていない**。実際の項目名: id, playerId, nickname, currentLeagueId, currentRanking, prefectureName, championShipPoint, publicFlg, championFlg, avatarImage
[2026-09-24T17:06:35] [ERROR] [prefecture] マスター(master) p67: **prefectureId が返ってきていない**。実際の項目名: id, playerId, nickname, currentLeagueId, currentRanking, prefectureName, championShipPoint, publicFlg, championFlg, avatarImage
[2026-09-24T17:06:35] [ERROR] [prefecture] マスター(master) p68: **prefectureId が返ってきていない**。実際の項目名: id, playerId, nickname, currentLeagueId, currentRanking, prefectureName, championShipPoint, publicFlg, championFlg, avatarImage
[2026-09-24T17:06:35] [ERROR] [prefecture] マスター(master) p69: **prefectureId が返ってきていない**。実際の項目名: id, playerId, nickname, currentLeagueId, currentRanking, prefectureName, championShipPoint, publicFlg, championFlg, avatarImage
[2026-09-24T17:06:35] [ERROR] [prefecture] マスター(master) p70: **prefectureId が返ってきていない**。実際の項目名: id, playerId, nickname, currentLeagueId, currentRanking, prefectureName, championShipPoint, publicFlg, championFlg, avatarImage
[2026-09-24T17:06:35] [ERROR] [prefecture] マスター(master) p71: **prefectureId が返ってきていない**。実際の項目名: id, playerId, nickname, currentLeagueId, currentRanking, prefectureName, championShipPoint, publicFlg, championFlg, avatarImage
[2026-09-24T17:06:35] [ERROR] [prefecture] マスター(master) p72: **prefectureId が返ってきていない**。実際の項目名: id, playerId, nickname, currentLeagueId, currentRanking, prefectureName, championShipPoint, publicFlg, championFlg, avatarImage
[2026-09-24T17:06:35] [ERROR] [prefecture] マスター(master) p73: **prefectureId が返ってきていない**。実際の項目名: id, playerId, nickname, currentLeagueId, currentRanking, prefectureName, championShipPoint, publicFlg, championFlg, avatarImage
[2026-09-24T17:06:35] [ERROR] [prefecture] マスター(master) p74: **prefectureId が返ってきていない**。実際の項目名: id, playerId, nickname, currentLeagueId, currentRanking, prefectureName, championShipPoint, publicFlg, championFlg, avatarImage
[2026-09-24T17:06:35] [ERROR] [prefecture] マスター(master) p75: **prefectureId が返ってきていない**。実際の項目名: id, playerId, nickname, currentLeagueId, currentRanking, prefectureName, championShipPoint, publicFlg, championFlg, avatarImage
[2026-09-24T17:06:35] [ERROR] [prefecture] マスター(master) p76: **prefectureId が返ってきていない**。実際の項目名: id, playerId, nickname, currentLeagueId, currentRanking, prefectureName, championShipPoint, publicFlg, championFlg, avatarImage
[2026-09-24T17:06:35] [ERROR] [prefecture] マスター(master) p77: **prefectureId が返ってきていない**。実際の項目名: id, playerId, nickname, currentLeagueId, currentRanking, prefectureName, championShipPoint, publicFlg, championFlg, avatarImage
[2026-09-24T17:06:35] [ERROR] [prefecture] マスター(master) p78: **prefectureId が返ってきていない**。実際の項目名: id, playerId, nickname, currentLeagueId, currentRanking, prefectureName, championShipPoint, publicFlg, championFlg, avatarImage
[2026-09-24T17:06:35] [ERROR] [prefecture] マスター(master) p79: **prefectureId が返ってきていない**。実際の項目名: id, playerId, nickname, currentLeagueId, currentRanking, prefectureName, championShipPoint, publicFlg, championFlg, avatarImage
[2026-09-24T17:06:35] [ERROR] [prefecture] マスター(master) p80: **prefectureId が返ってきていない**。実際の項目名: id, playerId, nickname, currentLeagueId, currentRanking, prefectureName, championShipPoint, publicFlg, championFlg, avatarImage
[2026-09-24T17:06:35] [ERROR] [prefecture] マスター(master) p81: **prefectureId が返ってきていない**。実際の項目名: id, playerId, nickname, currentLeagueId, currentRanking, prefectureName, championShipPoint, publicFlg, championFlg, avatarImage
[2026-09-24T17:06:35] [ERROR] [prefecture] マスター(master) p82: **prefectureId が返ってきていない**。実際の項目名: id, playerId, nickname, currentLeagueId, currentRanking, prefectureName, championShipPoint, publicFlg, championFlg, avatarImage
[2026-09-24T17:06:35] [ERROR] [prefecture] マスター(master) p83: **prefectureId が返ってきていない**。実際の項目名: id, playerId, nickname, currentLeagueId, currentRanking, prefectureName, championShipPoint, publicFlg, championFlg, avatarImage
[2026-09-24T17:06:35] [ERROR] [prefecture] マスター(master) p84: **prefectureId が返ってきていない**。実際の項目名: id, playerId, nickname, currentLeagueId, currentRanking, prefectureName, championShipPoint, publicFlg, championFlg, avatarImage
[2026-09-24T17:06:35] [ERROR] [prefecture] マスター(master) p85: **prefectureId が返ってきていない**。実際の項目名: id, playerId, nickname, currentLeagueId, currentRanking, prefectureName, championShipPoint, publicFlg, championFlg, avatarImage
[2026-09-24T17:06:35] [ERROR] [prefecture] マスター(master) p86: **prefectureId が返ってきていない**。実際の項目名: id, playerId, nickname, currentLeagueId, currentRanking, prefectureName, championShipPoint, publicFlg, championFlg, avatarImage
[2026-09-24T17:06:35] [ERROR] [prefecture] マスター(master) p87: **prefectureId が返ってきていない**。実際の項目名: id, playerId, nickname, currentLeagueId, currentRanking, prefectureName, championShipPoint, publicFlg, championFlg, avatarImage
[2026-09-24T17:06:35] [ERROR] [prefecture] マスター(master) p88: **prefectureId が返ってきていない**。実際の項目名: id, playerId, nickname, currentLeagueId, currentRanking, prefectureName, championShipPoint, publicFlg, championFlg, avatarImage
[2026-09-24T17:06:35] [ERROR] [prefecture] マスター(master) p89: **prefectureId が返ってきていない**。実際の項目名: id, playerId, nickname, currentLeagueId, currentRanking, prefectureName, championShipPoint, publicFlg, championFlg, avatarImage
[2026-09-24T17:06:35] [ERROR] [prefecture] マスター(master) p90: **prefectureId が返ってきていない**。実際の項目名: id, playerId, nickname, currentLeagueId, currentRanking, prefectureName, championShipPoint, publicFlg, championFlg, avatarImage
[2026-09-24T17:06:35] [ERROR] [prefecture] マスター(master) p91: **prefectureId が返ってきていない**。実際の項目名: id, playerId, nickname, currentLeagueId, currentRanking, prefectureName, championShipPoint, publicFlg, championFlg, avatarImage
[2026-09-24T17:06:35] [ERROR] [prefecture] マスター(master) p92: **prefectureId が返ってきていない**。実際の項目名: id, playerId, nickname, currentLeagueId, currentRanking, prefectureName, championShipPoint, publicFlg, championFlg, avatarImage
[2026-09-24T17:06:35] [ERROR] [prefecture] マスター(master) p93: **prefectureId が返ってきていない**。実際の項目名: id, playerId, nickname, currentLeagueId, currentRanking, prefectureName, championShipPoint, publicFlg, championFlg, avatarImage
[2026-09-24T17:06:35] [ERROR] [prefecture] マスター(master) p94: **prefectureId が返ってきていない**。実際の項目名: id, playerId, nickname, currentLeagueId, currentRanking, prefectureName, championShipPoint, publicFlg, championFlg, avatarImage
[2026-09-24T17:06:35] [ERROR] [prefecture] マスター(master) p95: **prefectureId が返ってきていない**。実際の項目名: id, playerId, nickname, currentLeagueId, currentRanking, prefectureName, championShipPoint, publicFlg, championFlg, avatarImage
[2026-09-24T17:06:35] [ERROR] [prefecture] マスター(master) p96: **prefectureId が返ってきていない**。実際の項目名: id, playerId, nickname, currentLeagueId, currentRanking, prefectureName, championShipPoint, publicFlg, championFlg, avatarImage
[2026-09-24T17:06:35] [ERROR] [prefecture] マスター(master) p97: **prefectureId が返ってきていない**。実際の項目名: id, playerId, nickname, currentLeagueId, currentRanking, prefectureName, championShipPoint, publicFlg, championFlg, avatarImage
[2026-09-24T17:06:35] [ERROR] [prefecture] マスター(master) p98: **prefectureId が返ってきていない**。実際の項目名: id, playerId, nickname, currentLeagueId, currentRanking, prefectureName, championShipPoint, publicFlg, championFlg, avatarImage
[2026-09-24T17:06:35] [ERROR] [prefecture] マスター(master) p99: **prefectureId が返ってきていない**。実際の項目名: id, playerId, nickname, currentLeagueId, currentRanking, prefectureName, championShipPoint, publicFlg, championFlg, avatarImage
[2026-09-24T17:06:35] [ERROR] [prefecture] マスター(master) p100: **prefectureId が返ってきていない**。実際の項目名: id, playerId, nickname, currentLeagueId, currentRanking, prefectureName, championShipPoint, publicFlg, championFlg, avatarImage
[2026-09-24T17:06:35] [ERROR] [prefecture] マスター(master) p101: **prefectureId が返ってきていない**。実際の項目名: id, playerId, nickname, currentLeagueId, currentRanking, prefectureName, championShipPoint, publicFlg, championFlg, avatarImage
[2026-09-24T17:06:35] [ERROR] [prefecture] マスター(master) p102: **prefectureId が返ってきていない**。実際の項目名: id, playerId, nickname, currentLeagueId, currentRanking, prefectureName, championShipPoint, publicFlg, championFlg, avatarImage
[2026-09-24T17:06:35] [ERROR] [prefecture] マスター(master) p103: **prefectureId が返ってきていない**。実際の項目名: id, playerId, nickname, currentLeagueId, currentRanking, prefectureName, championShipPoint, publicFlg, championFlg, avatarImage
[2026-09-24T17:06:35] [ERROR] [prefecture] マスター(master) p104: **prefectureId が返ってきていない**。実際の項目名: id, playerId, nickname, currentLeagueId, currentRanking, prefectureName, championShipPoint, publicFlg, championFlg, avatarImage
[2026-09-24T17:06:35] [ERROR] [prefecture] マスター(master) p105: **prefectureId が返ってきていない**。実際の項目名: id, playerId, nickname, currentLeagueId, currentRanking, prefectureName, championShipPoint, publicFlg, championFlg, avatarImage
[2026-09-24T17:06:35] [ERROR] [prefecture] マスター(master) p106: **prefectureId が返ってきていない**。実際の項目名: id, playerId, nickname, currentLeagueId, currentRanking, prefectureName, championShipPoint, publicFlg, championFlg, avatarImage
[2026-09-24T17:06:35] [ERROR] [prefecture] マスター(master) p107: **prefectureId が返ってきていない**。実際の項目名: id, playerId, nickname, currentLeagueId, currentRanking, prefectureName, championShipPoint, publicFlg, championFlg, avatarImage
[2026-09-24T17:06:35] [ERROR] [prefecture] マスター(master) p108: **prefectureId が返ってきていない**。実際の項目名: id, playerId, nickname, currentLeagueId, currentRanking, prefectureName, championShipPoint, publicFlg, championFlg, avatarImage
[2026-09-24T17:06:35] [ERROR] [prefecture] マスター(master) p109: **prefectureId が返ってきていない**。実際の項目名: id, playerId, nickname, currentLeagueId, currentRanking, prefectureName, championShipPoint, publicFlg, championFlg, avatarImage
[2026-09-24T17:06:35] [ERROR] [prefecture] マスター(master) p110: **prefectureId が返ってきていない**。実際の項目名: id, playerId, nickname, currentLeagueId, currentRanking, prefectureName, championShipPoint, publicFlg, championFlg, avatarImage
[2026-09-24T17:06:35] [ERROR] [prefecture] マスター(master) p111: **prefectureId が返ってきていない**。実際の項目名: id, playerId, nickname, currentLeagueId, currentRanking, prefectureName, championShipPoint, publicFlg, championFlg, avatarImage
[2026-09-24T17:06:35] [ERROR] [prefecture] マスター(master) p112: **prefectureId が返ってきていない**。実際の項目名: id, playerId, nickname, currentLeagueId, currentRanking, prefectureName, championShipPoint, publicFlg, championFlg, avatarImage
[2026-09-24T17:06:35] [ERROR] [prefecture] マスター(master) p113: **prefectureId が返ってきていない**。実際の項目名: id, playerId, nickname, currentLeagueId, currentRanking, prefectureName, championShipPoint, publicFlg, championFlg, avatarImage
[2026-09-24T17:06:35] [ERROR] [prefecture] マスター(master) p114: **prefectureId が返ってきていない**。実際の項目名: id, playerId, nickname, currentLeagueId, currentRanking, prefectureName, championShipPoint, publicFlg, championFlg, avatarImage
[2026-09-24T17:06:35] [ERROR] [prefecture] マスター(master) p115: **prefectureId が返ってきていない**。実際の項目名: id, playerId, nickname, currentLeagueId, currentRanking, prefectureName, championShipPoint, publicFlg, championFlg, avatarImage
[2026-09-24T17:06:35] [ERROR] [prefecture] マスター(master) p116: **prefectureId が返ってきていない**。実際の項目名: id, playerId, nickname, currentLeagueId, currentRanking, prefectureName, championShipPoint, publicFlg, championFlg, avatarImage
[2026-09-24T17:06:35] [ERROR] [prefecture] マスター(master) p117: **prefectureId が返ってきていない**。実際の項目名: id, playerId, nickname, currentLeagueId, currentRanking, prefectureName, championShipPoint, publicFlg, championFlg, avatarImage
[2026-09-24T17:06:35] [ERROR] [prefecture] マスター(master) p118: **prefectureId が返ってきていない**。実際の項目名: id, playerId, nickname, currentLeagueId, currentRanking, prefectureName, championShipPoint, publicFlg, championFlg, avatarImage
[2026-09-24T17:06:35] [ERROR] [prefecture] マスター(master) p119: **prefectureId が返ってきていない**。実際の項目名: id, playerId, nickname, currentLeagueId, currentRanking, prefectureName, championShipPoint, publicFlg, championFlg, avatarImage
[2026-09-24T17:06:35] [ERROR] [prefecture] マスター(master) p120: **prefectureId が返ってきていない**。実際の項目名: id, playerId, nickname, currentLeagueId, currentRanking, prefectureName, championShipPoint, publicFlg, championFlg, avatarImage
[2026-09-24T17:06:35] [INFO] マスター (master) batch fetched 2400 players (pages 120/243, offset: 2400).
[2026-09-24T17:06:35] [INFO] Starting new rank fetch cycle for シニア (senior)...
[2026-09-24T17:06:35] [ERROR] [prefecture] シニア(senior) p1: **prefectureId が返ってきていない**。実際の項目名: id, playerId, nickname, currentLeagueId, currentRanking, prefectureName, championShipPoint, publicFlg, championFlg, avatarImage
[2026-09-24T17:06:35] [ERROR] [prefecture] シニア(senior) p2: **prefectureId が返ってきていない**。実際の項目名: id, playerId, nickname, currentLeagueId, currentRanking, prefectureName, championShipPoint, publicFlg, championFlg, avatarImage
[2026-09-24T17:06:35] [ERROR] [prefecture] シニア(senior) p3: **prefectureId が返ってきていない**。実際の項目名: id, playerId, nickname, currentLeagueId, currentRanking, prefectureName, championShipPoint, publicFlg, championFlg, avatarImage
[2026-09-24T17:06:35] [ERROR] [prefecture] シニア(senior) p4: **prefectureId が返ってきていない**。実際の項目名: id, playerId, nickname, currentLeagueId, currentRanking, prefectureName, championShipPoint, publicFlg, championFlg, avatarImage
[2026-09-24T17:06:35] [ERROR] [prefecture] シニア(senior) p5: **prefectureId が返ってきていない**。実際の項目名: id, playerId, nickname, currentLeagueId, currentRanking, prefectureName, championShipPoint, publicFlg, championFlg, avatarImage
[2026-09-24T17:06:35] [ERROR] [prefecture] シニア(senior) p6: **prefectureId が返ってきていない**。実際の項目名: id, playerId, nickname, currentLeagueId, currentRanking, prefectureName, championShipPoint, publicFlg, championFlg, avatarImage
[2026-09-24T17:06:35] [ERROR] [prefecture] シニア(senior) p7: **prefectureId が返ってきていない**。実際の項目名: id, playerId, nickname, currentLeagueId, currentRanking, prefectureName, championShipPoint, publicFlg, championFlg, avatarImage
[2026-09-24T17:06:35] [ERROR] [prefecture] シニア(senior) p8: **prefectureId が返ってきていない**。実際の項目名: id, playerId, nickname, currentLeagueId, currentRanking, prefectureName, championShipPoint, publicFlg, championFlg, avatarImage
[2026-09-24T17:06:35] [ERROR] [prefecture] シニア(senior) p9: **prefectureId が返ってきていない**。実際の項目名: id, playerId, nickname, currentLeagueId, currentRanking, prefectureName, championShipPoint, publicFlg, championFlg, avatarImage
[2026-09-24T17:06:35] [ERROR] [prefecture] シニア(senior) p10: **prefectureId が返ってきていない**。実際の項目名: id, playerId, nickname, currentLeagueId, currentRanking, prefectureName, championShipPoint, publicFlg, championFlg, avatarImage
[2026-09-24T17:06:35] [ERROR] [prefecture] シニア(senior) p11: **prefectureId が返ってきていない**。実際の項目名: id, playerId, nickname, currentLeagueId, currentRanking, prefectureName, championShipPoint, publicFlg, championFlg, avatarImage
[2026-09-24T17:06:35] [ERROR] [prefecture] シニア(senior) p12: **prefectureId が返ってきていない**。実際の項目名: id, playerId, nickname, currentLeagueId, currentRanking, prefectureName, championShipPoint, publicFlg, championFlg, avatarImage
[2026-09-24T17:06:35] [ERROR] [prefecture] シニア(senior) p13: **prefectureId が返ってきていない**。実際の項目名: id, playerId, nickname, currentLeagueId, currentRanking, prefectureName, championShipPoint, publicFlg, championFlg, avatarImage
[2026-09-24T17:06:35] [ERROR] [prefecture] シニア(senior) p14: **prefectureId が返ってきていない**。実際の項目名: id, playerId, nickname, currentLeagueId, currentRanking, prefectureName, championShipPoint, publicFlg, championFlg, avatarImage
[2026-09-24T17:06:35] [ERROR] [prefecture] シニア(senior) p15: **prefectureId が返ってきていない**。実際の項目名: id, playerId, nickname, currentLeagueId, currentRanking, prefectureName, championShipPoint, publicFlg, championFlg, avatarImage
[2026-09-24T17:06:35] [ERROR] [prefecture] シニア(senior) p16: **prefectureId が返ってきていない**。実際の項目名: id, playerId, nickname, currentLeagueId, currentRanking, prefectureName, championShipPoint, publicFlg, championFlg, avatarImage
[2026-09-24T17:06:35] [ERROR] [prefecture] シニア(senior) p17: **prefectureId が返ってきていない**。実際の項目名: id, playerId, nickname, currentLeagueId, currentRanking, prefectureName, championShipPoint, publicFlg, championFlg, avatarImage
[2026-09-24T17:06:35] [ERROR] [prefecture] シニア(senior) p18: **prefectureId が返ってきていない**。実際の項目名: id, playerId, nickname, currentLeagueId, currentRanking, prefectureName, championShipPoint, publicFlg, championFlg, avatarImage
[2026-09-24T17:06:35] [ERROR] [prefecture] シニア(senior) p19: **prefectureId が返ってきていない**。実際の項目名: id, playerId, nickname, currentLeagueId, currentRanking, prefectureName, championShipPoint, publicFlg, championFlg, avatarImage
[2026-09-24T17:06:35] [ERROR] [prefecture] シニア(senior) p20: **prefectureId が返ってきていない**。実際の項目名: id, playerId, nickname, currentLeagueId, currentRanking, prefectureName, championShipPoint, publicFlg, championFlg, avatarImage
[2026-09-24T17:06:35] [ERROR] [prefecture] シニア(senior) p21: **prefectureId が返ってきていない**。実際の項目名: id, playerId, nickname, currentLeagueId, currentRanking, prefectureName, championShipPoint, publicFlg, championFlg, avatarImage
[2026-09-24T17:06:35] [ERROR] [prefecture] シニア(senior) p22: **prefectureId が返ってきていない**。実際の項目名: id, playerId, nickname, currentLeagueId, currentRanking, prefectureName, championShipPoint, publicFlg, championFlg, avatarImage
[2026-09-24T17:06:35] [ERROR] [prefecture] シニア(senior) p23: **prefectureId が返ってきていない**。実際の項目名: id, playerId, nickname, currentLeagueId, currentRanking, prefectureName, championShipPoint, publicFlg, championFlg, avatarImage
[2026-09-24T17:06:35] [ERROR] [prefecture] シニア(senior) p24: **prefectureId が返ってきていない**。実際の項目名: id, playerId, nickname, currentLeagueId, currentRanking, prefectureName, championShipPoint, publicFlg, championFlg, avatarImage
[2026-09-24T17:06:35] [ERROR] [prefecture] シニア(senior) p25: **prefectureId が返ってきていない**。実際の項目名: id, playerId, nickname, currentLeagueId, currentRanking, prefectureName, championShipPoint, publicFlg, championFlg, avatarImage
[2026-09-24T17:06:35] [ERROR] [prefecture] シニア(senior) p26: **prefectureId が返ってきていない**。実際の項目名: id, playerId, nickname, currentLeagueId, currentRanking, prefectureName, championShipPoint, publicFlg, championFlg, avatarImage
[2026-09-24T17:06:35] [ERROR] [prefecture] シニア(senior) p27: **prefectureId が返ってきていない**。実際の項目名: id, playerId, nickname, currentLeagueId, currentRanking, prefectureName, championShipPoint, publicFlg, championFlg, avatarImage
[2026-09-24T17:06:35] [ERROR] [prefecture] シニア(senior) p28: **prefectureId が返ってきていない**。実際の項目名: id, playerId, nickname, currentLeagueId, currentRanking, prefectureName, championShipPoint, publicFlg, championFlg, avatarImage
[2026-09-24T17:06:35] [ERROR] [prefecture] シニア(senior) p29: **prefectureId が返ってきていない**。実際の項目名: id, playerId, nickname, currentLeagueId, currentRanking, prefectureName, championShipPoint, publicFlg, championFlg, avatarImage
[2026-09-24T17:06:35] [ERROR] [prefecture] シニア(senior) p30: **prefectureId が返ってきていない**。実際の項目名: id, playerId, nickname, currentLeagueId, currentRanking, prefectureName, championShipPoint, publicFlg, championFlg, avatarImage
[2026-09-24T17:06:35] [ERROR] [prefecture] シニア(senior) p31: **prefectureId が返ってきていない**。実際の項目名: id, playerId, nickname, currentLeagueId, currentRanking, prefectureName, championShipPoint, publicFlg, championFlg, avatarImage
[2026-09-24T17:06:35] [ERROR] [prefecture] シニア(senior) p32: **prefectureId が返ってきていない**。実際の項目名: id, playerId, nickname, currentLeagueId, currentRanking, prefectureName, championShipPoint, publicFlg, championFlg, avatarImage
[2026-09-24T17:06:35] [ERROR] [prefecture] シニア(senior) p33: **prefectureId が返ってきていない**。実際の項目名: id, playerId, nickname, currentLeagueId, currentRanking, prefectureName, championShipPoint, publicFlg, championFlg, avatarImage
[2026-09-24T17:06:35] [ERROR] [prefecture] シニア(senior) p34: **prefectureId が返ってきていない**。実際の項目名: id, playerId, nickname, currentLeagueId, currentRanking, prefectureName, championShipPoint, publicFlg, championFlg, avatarImage
[2026-09-24T17:06:35] [ERROR] [prefecture] シニア(senior) p35: **prefectureId が返ってきていない**。実際の項目名: id, playerId, nickname, currentLeagueId, currentRanking, prefectureName, championShipPoint, publicFlg, championFlg, avatarImage
[2026-09-24T17:06:35] [ERROR] [prefecture] シニア(senior) p36: **prefectureId が返ってきていない**。実際の項目名: id, playerId, nickname, currentLeagueId, currentRanking, prefectureName, championShipPoint, publicFlg, championFlg, avatarImage
[2026-09-24T17:06:35] [ERROR] [prefecture] シニア(senior) p37: **prefectureId が返ってきていない**。実際の項目名: id, playerId, nickname, currentLeagueId, currentRanking, prefectureName, championShipPoint, publicFlg, championFlg, avatarImage
[2026-09-24T17:06:35] [ERROR] [prefecture] シニア(senior) p38: **prefectureId が返ってきていない**。実際の項目名: id, playerId, nickname, currentLeagueId, currentRanking, prefectureName, championShipPoint, publicFlg, championFlg, avatarImage
[2026-09-24T17:06:35] [ERROR] [prefecture] シニア(senior) p39: **prefectureId が返ってきていない**。実際の項目名: id, playerId, nickname, currentLeagueId, currentRanking, prefectureName, championShipPoint, publicFlg, championFlg, avatarImage
[2026-09-24T17:06:35] [ERROR] [prefecture] シニア(senior) p40: **prefectureId が返ってきていない**。実際の項目名: id, playerId, nickname, currentLeagueId, currentRanking, prefectureName, championShipPoint, publicFlg, championFlg, avatarImage
[2026-09-24T17:06:35] [ERROR] [prefecture] シニア(senior) p41: **prefectureId が返ってきていない**。実際の項目名: id, playerId, nickname, currentLeagueId, currentRanking, prefectureName, championShipPoint, publicFlg, championFlg, avatarImage
[2026-09-24T17:06:35] [ERROR] [prefecture] シニア(senior) p42: **prefectureId が返ってきていない**。実際の項目名: id, playerId, nickname, currentLeagueId, currentRanking, prefectureName, championShipPoint, publicFlg, championFlg, avatarImage
[2026-09-24T17:06:35] [INFO] シニア (senior) cycle completed. Pages: 42/42, Processed: 840, Dropped: 0.
[2026-09-24T17:06:35] [INFO] Starting new rank fetch cycle for ジュニア (junior)...
[2026-09-24T17:06:35] [ERROR] [prefecture] ジュニア(junior) p1: **prefectureId が返ってきていない**。実際の項目名: id, playerId, nickname, currentLeagueId, currentRanking, prefectureName, championShipPoint, publicFlg, championFlg, avatarImage
[2026-09-24T17:06:35] [ERROR] [prefecture] ジュニア(junior) p2: **prefectureId が返ってきていない**。実際の項目名: id, playerId, nickname, currentLeagueId, currentRanking, prefectureName, championShipPoint, publicFlg, championFlg, avatarImage
[2026-09-24T17:06:35] [ERROR] [prefecture] ジュニア(junior) p3: **prefectureId が返ってきていない**。実際の項目名: id, playerId, nickname, currentLeagueId, currentRanking, prefectureName, championShipPoint, publicFlg, championFlg, avatarImage
[2026-09-24T17:06:35] [ERROR] [prefecture] ジュニア(junior) p4: **prefectureId が返ってきていない**。実際の項目名: id, playerId, nickname, currentLeagueId, currentRanking, prefectureName, championShipPoint, publicFlg, championFlg, avatarImage
[2026-09-24T17:06:35] [ERROR] [prefecture] ジュニア(junior) p5: **prefectureId が返ってきていない**。実際の項目名: id, playerId, nickname, currentLeagueId, currentRanking, prefectureName, championShipPoint, publicFlg, championFlg, avatarImage
[2026-09-24T17:06:35] [ERROR] [prefecture] ジュニア(junior) p6: **prefectureId が返ってきていない**。実際の項目名: id, playerId, nickname, currentLeagueId, currentRanking, prefectureName, championShipPoint, publicFlg, championFlg, avatarImage
[2026-09-24T17:06:35] [ERROR] [prefecture] ジュニア(junior) p7: **prefectureId が返ってきていない**。実際の項目名: id, playerId, nickname, currentLeagueId, currentRanking, prefectureName, championShipPoint, publicFlg, championFlg, avatarImage
[2026-09-24T17:06:35] [ERROR] [prefecture] ジュニア(junior) p8: **prefectureId が返ってきていない**。実際の項目名: id, playerId, nickname, currentLeagueId, currentRanking, prefectureName, championShipPoint, publicFlg, championFlg, avatarImage
[2026-09-24T17:06:35] [ERROR] [prefecture] ジュニア(junior) p9: **prefectureId が返ってきていない**。実際の項目名: id, playerId, nickname, currentLeagueId, currentRanking, prefectureName, championShipPoint, publicFlg, championFlg, avatarImage
[2026-09-24T17:06:35] [ERROR] [prefecture] ジュニア(junior) p10: **prefectureId が返ってきていない**。実際の項目名: id, playerId, nickname, currentLeagueId, currentRanking, prefectureName, championShipPoint, publicFlg, championFlg, avatarImage
[2026-09-24T17:06:35] [ERROR] [prefecture] ジュニア(junior) p11: **prefectureId が返ってきていない**。実際の項目名: id, playerId, nickname, currentLeagueId, currentRanking, prefectureName, championShipPoint, publicFlg, championFlg, avatarImage
[2026-09-24T17:06:35] [ERROR] [prefecture] ジュニア(junior) p12: **prefectureId が返ってきていない**。実際の項目名: id, playerId, nickname, currentLeagueId, currentRanking, prefectureName, championShipPoint, publicFlg, championFlg, avatarImage
[2026-09-24T17:06:35] [ERROR] [prefecture] ジュニア(junior) p13: **prefectureId が返ってきていない**。実際の項目名: id, playerId, nickname, currentLeagueId, currentRanking, prefectureName, championShipPoint, publicFlg, championFlg, avatarImage
[2026-09-24T17:06:35] [ERROR] [prefecture] ジュニア(junior) p14: **prefectureId が返ってきていない**。実際の項目名: id, playerId, nickname, currentLeagueId, currentRanking, prefectureName, championShipPoint, publicFlg, championFlg, avatarImage
[2026-09-24T17:06:35] [ERROR] [prefecture] ジュニア(junior) p15: **prefectureId が返ってきていない**。実際の項目名: id, playerId, nickname, currentLeagueId, currentRanking, prefectureName, championShipPoint, publicFlg, championFlg, avatarImage
[2026-09-24T17:06:35] [ERROR] [prefecture] ジュニア(junior) p16: **prefectureId が返ってきていない**。実際の項目名: id, playerId, nickname, currentLeagueId, currentRanking, prefectureName, championShipPoint, publicFlg, championFlg, avatarImage
[2026-09-24T17:06:35] [ERROR] [prefecture] ジュニア(junior) p17: **prefectureId が返ってきていない**。実際の項目名: id, playerId, nickname, currentLeagueId, currentRanking, prefectureName, championShipPoint, publicFlg, championFlg, avatarImage
[2026-09-24T17:06:35] [ERROR] [prefecture] ジュニア(junior) p18: **prefectureId が返ってきていない**。実際の項目名: id, playerId, nickname, currentLeagueId, currentRanking, prefectureName, championShipPoint, publicFlg, championFlg, avatarImage
[2026-09-24T17:06:35] [ERROR] [prefecture] ジュニア(junior) p19: **prefectureId が返ってきていない**。実際の項目名: id, playerId, nickname, currentLeagueId, currentRanking, prefectureName, championShipPoint, publicFlg, championFlg, avatarImage
[2026-09-24T17:06:35] [ERROR] [prefecture] ジュニア(junior) p20: **prefectureId が返ってきていない**。実際の項目名: id, playerId, nickname, currentLeagueId, currentRanking, prefectureName, championShipPoint, publicFlg, championFlg, avatarImage
[2026-09-24T17:06:35] [ERROR] [prefecture] ジュニア(junior) p21: **prefectureId が返ってきていない**。実際の項目名: id, playerId, nickname, currentLeagueId, currentRanking, prefectureName, championShipPoint, publicFlg, championFlg, avatarImage
[2026-09-24T17:06:35] [ERROR] [prefecture] ジュニア(junior) p22: **prefectureId が返ってきていない**。実際の項目名: id, playerId, nickname, currentLeagueId, currentRanking, prefectureName, championShipPoint, publicFlg, championFlg, avatarImage
[2026-09-24T17:06:35] [ERROR] [prefecture] ジュニア(junior) p23: **prefectureId が返ってきていない**。実際の項目名: id, playerId, nickname, currentLeagueId, currentRanking, prefectureName, championShipPoint, publicFlg, championFlg, avatarImage
[2026-09-24T17:06:35] [ERROR] [prefecture] ジュニア(junior) p24: **prefectureId が返ってきていない**。実際の項目名: id, playerId, nickname, currentLeagueId, currentRanking, prefectureName, championShipPoint, publicFlg, championFlg, avatarImage
[2026-09-24T17:06:35] [ERROR] [prefecture] ジュニア(junior) p25: **prefectureId が返ってきていない**。実際の項目名: id, playerId, nickname, currentLeagueId, currentRanking, prefectureName, championShipPoint, publicFlg, championFlg, avatarImage
[2026-09-24T17:06:35] [ERROR] [prefecture] ジュニア(junior) p26: **prefectureId が返ってきていない**。実際の項目名: id, playerId, nickname, currentLeagueId, currentRanking, prefectureName, championShipPoint, publicFlg, championFlg, avatarImage
[2026-09-24T17:06:35] [ERROR] [prefecture] ジュニア(junior) p27: **prefectureId が返ってきていない**。実際の項目名: id, playerId, nickname, currentLeagueId, currentRanking, prefectureName, championShipPoint, publicFlg, championFlg, avatarImage
[2026-09-24T17:06:35] [ERROR] [prefecture] ジュニア(junior) p28: **prefectureId が返ってきていない**。実際の項目名: id, playerId, nickname, currentLeagueId, currentRanking, prefectureName, championShipPoint, publicFlg, championFlg, avatarImage
[2026-09-24T17:06:35] [ERROR] [prefecture] ジュニア(junior) p29: **prefectureId が返ってきていない**。実際の項目名: id, playerId, nickname, currentLeagueId, currentRanking, prefectureName, championShipPoint, publicFlg, championFlg, avatarImage
[2026-09-24T17:06:35] [INFO] ジュニア (junior) cycle completed. Pages: 29/29, Processed: 580, Dropped: 0.
[2026-09-24T17:06:35] [INFO] --- Player Rank Import Task Completed ---
[2026-09-24T17:06:35] [INFO] --- Starting Player Rank Import Task ---
[2026-09-24T17:06:35] [ERROR] [prefecture] マスター(master) p121: **prefectureId が返ってきていない**。実際の項目名: id, playerId, nickname, currentLeagueId, currentRanking, prefectureName, championShipPoint, publicFlg, championFlg, avatarImage
[2026-09-24T17:06:35] [ERROR] [prefecture] マスター(master) p122: **prefectureId が返ってきていない**。実際の項目名: id, playerId, nickname, currentLeagueId, currentRanking, prefectureName, championShipPoint, publicFlg, championFlg, avatarImage
[2026-09-24T17:06:35] [ERROR] [prefecture] マスター(master) p123: **prefectureId が返ってきていない**。実際の項目名: id, playerId, nickname, currentLeagueId, currentRanking, prefectureName, championShipPoint, publicFlg, championFlg, avatarImage
[2026-09-24T17:06:35] [ERROR] [prefecture] マスター(master) p124: **prefectureId が返ってきていない**。実際の項目名: id, playerId, nickname, currentLeagueId, currentRanking, prefectureName, championShipPoint, publicFlg, championFlg, avatarImage
[2026-09-24T17:06:35] [ERROR] [prefecture] マスター(master) p125: **prefectureId が返ってきていない**。実際の項目名: id, playerId, nickname, currentLeagueId, currentRanking, prefectureName, championShipPoint, publicFlg, championFlg, avatarImage
[2026-09-24T17:06:35] [ERROR] [prefecture] マスター(master) p126: **prefectureId が返ってきていない**。実際の項目名: id, playerId, nickname, currentLeagueId, currentRanking, prefectureName, championShipPoint, publicFlg, championFlg, avatarImage
[2026-09-24T17:06:35] [ERROR] [prefecture] マスター(master) p127: **prefectureId が返ってきていない**。実際の項目名: id, playerId, nickname, currentLeagueId, currentRanking, prefectureName, championShipPoint, publicFlg, championFlg, avatarImage
[2026-09-24T17:06:35] [ERROR] [prefecture] マスター(master) p128: **prefectureId が返ってきていない**。実際の項目名: id, playerId, nickname, currentLeagueId, currentRanking, prefectureName, championShipPoint, publicFlg, championFlg, avatarImage
[2026-09-24T17:06:35] [ERROR] [prefecture] マスター(master) p129: **prefectureId が返ってきていない**。実際の項目名: id, playerId, nickname, currentLeagueId, currentRanking, prefectureName, championShipPoint, publicFlg, championFlg, avatarImage
[2026-09-24T17:06:35] [ERROR] [prefecture] マスター(master) p130: **prefectureId が返ってきていない**。実際の項目名: id, playerId, nickname, currentLeagueId, currentRanking, prefectureName, championShipPoint, publicFlg, championFlg, avatarImage
[2026-09-24T17:06:35] [ERROR] [prefecture] マスター(master) p131: **prefectureId が返ってきていない**。実際の項目名: id, playerId, nickname, currentLeagueId, currentRanking, prefectureName, championShipPoint, publicFlg, championFlg, avatarImage
[2026-09-24T17:06:35] [ERROR] [prefecture] マスター(master) p132: **prefectureId が返ってきていない**。実際の項目名: id, playerId, nickname, currentLeagueId, currentRanking, prefectureName, championShipPoint, publicFlg, championFlg, avatarImage
[2026-09-24T17:06:35] [ERROR] [prefecture] マスター(master) p133: **prefectureId が返ってきていない**。実際の項目名: id, playerId, nickname, currentLeagueId, currentRanking, prefectureName, championShipPoint, publicFlg, championFlg, avatarImage
[2026-09-24T17:06:35] [ERROR] [prefecture] マスター(master) p134: **prefectureId が返ってきていない**。実際の項目名: id, playerId, nickname, currentLeagueId, currentRanking, prefectureName, championShipPoint, publicFlg, championFlg, avatarImage
[2026-09-24T17:06:35] [ERROR] [prefecture] マスター(master) p135: **prefectureId が返ってきていない**。実際の項目名: id, playerId, nickname, currentLeagueId, currentRanking, prefectureName, championShipPoint, publicFlg, championFlg, avatarImage
[2026-09-24T17:06:35] [ERROR] [prefecture] マスター(master) p136: **prefectureId が返ってきていない**。実際の項目名: id, playerId, nickname, currentLeagueId, currentRanking, prefectureName, championShipPoint, publicFlg, championFlg, avatarImage
[2026-09-24T17:06:35] [ERROR] [prefecture] マスター(master) p137: **prefectureId が返ってきていない**。実際の項目名: id, playerId, nickname, currentLeagueId, currentRanking, prefectureName, championShipPoint, publicFlg, championFlg, avatarImage
[2026-09-24T17:06:35] [ERROR] [prefecture] マスター(master) p138: **prefectureId が返ってきていない**。実際の項目名: id, playerId, nickname, currentLeagueId, currentRanking, prefectureName, championShipPoint, publicFlg, championFlg, avatarImage
[2026-09-24T17:06:35] [ERROR] [prefecture] マスター(master) p139: **prefectureId が返ってきていない**。実際の項目名: id, playerId, nickname, currentLeagueId, currentRanking, prefectureName, championShipPoint, publicFlg, championFlg, avatarImage
[2026-09-24T17:06:35] [ERROR] [prefecture] マスター(master) p140: **prefectureId が返ってきていない**。実際の項目名: id, playerId, nickname, currentLeagueId, currentRanking, prefectureName, championShipPoint, publicFlg, championFlg, avatarImage
[2026-09-24T17:06:35] [ERROR] [prefecture] マスター(master) p141: **prefectureId が返ってきていない**。実際の項目名: id, playerId, nickname, currentLeagueId, currentRanking, prefectureName, championShipPoint, publicFlg, championFlg, avatarImage
[2026-09-24T17:06:35] [ERROR] [prefecture] マスター(master) p142: **prefectureId が返ってきていない**。実際の項目名: id, playerId, nickname, currentLeagueId, currentRanking, prefectureName, championShipPoint, publicFlg, championFlg, avatarImage
[2026-09-24T17:06:35] [ERROR] [prefecture] マスター(master) p143: **prefectureId が返ってきていない**。実際の項目名: id, playerId, nickname, currentLeagueId, currentRanking, prefectureName, championShipPoint, publicFlg, championFlg, avatarImage
[2026-09-24T17:06:35] [ERROR] [prefecture] マスター(master) p144: **prefectureId が返ってきていない**。実際の項目名: id, playerId, nickname, currentLeagueId, currentRanking, prefectureName, championShipPoint, publicFlg, championFlg, avatarImage
[2026-09-24T17:06:35] [ERROR] [prefecture] マスター(master) p145: **prefectureId が返ってきていない**。実際の項目名: id, playerId, nickname, currentLeagueId, currentRanking, prefectureName, championShipPoint, publicFlg, championFlg, avatarImage
[2026-09-24T17:06:35] [ERROR] [prefecture] マスター(master) p146: **prefectureId が返ってきていない**。実際の項目名: id, playerId, nickname, currentLeagueId, currentRanking, prefectureName, championShipPoint, publicFlg, championFlg, avatarImage
[2026-09-24T17:06:35] [ERROR] [prefecture] マスター(master) p147: **prefectureId が返ってきていない**。実際の項目名: id, playerId, nickname, currentLeagueId, currentRanking, prefectureName, championShipPoint, publicFlg, championFlg, avatarImage
[2026-09-24T17:06:35] [ERROR] [prefecture] マスター(master) p148: **prefectureId が返ってきていない**。実際の項目名: id, playerId, nickname, currentLeagueId, currentRanking, prefectureName, championShipPoint, publicFlg, championFlg, avatarImage
[2026-09-24T17:06:35] [ERROR] [prefecture] マスター(master) p149: **prefectureId が返ってきていない**。実際の項目名: id, playerId, nickname, currentLeagueId, currentRanking, prefectureName, championShipPoint, publicFlg, championFlg, avatarImage
[2026-09-24T17:06:35] [ERROR] [prefecture] マスター(master) p150: **prefectureId が返ってきていない**。実際の項目名: id, playerId, nickname, currentLeagueId, currentRanking, prefectureName, championShipPoint, publicFlg, championFlg, avatarImage
[2026-09-24T17:06:35] [ERROR] [prefecture] マスター(master) p151: **prefectureId が返ってきていない**。実際の項目名: id, playerId, nickname, currentLeagueId, currentRanking, prefectureName, championShipPoint, publicFlg, championFlg, avatarImage
[2026-09-24T17:06:35] [ERROR] [prefecture] マスター(master) p152: **prefectureId が返ってきていない**。実際の項目名: id, playerId, nickname, currentLeagueId, currentRanking, prefectureName, championShipPoint, publicFlg, championFlg, avatarImage
[2026-09-24T17:06:35] [ERROR] [prefecture] マスター(master) p153: **prefectureId が返ってきていない**。実際の項目名: id, playerId, nickname, currentLeagueId, currentRanking, prefectureName, championShipPoint, publicFlg, championFlg, avatarImage
[2026-09-24T17:06:35] [ERROR] [prefecture] マスター(master) p154: **prefectureId が返ってきていない**。実際の項目名: id, playerId, nickname, currentLeagueId, currentRanking, prefectureName, championShipPoint, publicFlg, championFlg, avatarImage
[2026-09-24T17:06:35] [ERROR] [prefecture] マスター(master) p155: **prefectureId が返ってきていない**。実際の項目名: id, playerId, nickname, currentLeagueId, currentRanking, prefectureName, championShipPoint, publicFlg, championFlg, avatarImage
[2026-09-24T17:06:35] [ERROR] [prefecture] マスター(master) p156: **prefectureId が返ってきていない**。実際の項目名: id, playerId, nickname, currentLeagueId, currentRanking, prefectureName, championShipPoint, publicFlg, championFlg, avatarImage
[2026-09-24T17:06:35] [ERROR] [prefecture] マスター(master) p157: **prefectureId が返ってきていない**。実際の項目名: id, playerId, nickname, currentLeagueId, currentRanking, prefectureName, championShipPoint, publicFlg, championFlg, avatarImage
[2026-09-24T17:06:35] [ERROR] [prefecture] マスター(master) p158: **prefectureId が返ってきていない**。実際の項目名: id, playerId, nickname, currentLeagueId, currentRanking, prefectureName, championShipPoint, publicFlg, championFlg, avatarImage
[2026-09-24T17:06:35] [ERROR] [prefecture] マスター(master) p159: **prefectureId が返ってきていない**。実際の項目名: id, playerId, nickname, currentLeagueId, currentRanking, prefectureName, championShipPoint, publicFlg, championFlg, avatarImage
[2026-09-24T17:06:35] [ERROR] [prefecture] マスター(master) p160: **prefectureId が返ってきていない**。実際の項目名: id, playerId, nickname, currentLeagueId, currentRanking, prefectureName, championShipPoint, publicFlg, championFlg, avatarImage
[2026-09-24T17:06:35] [ERROR] [prefecture] マスター(master) p161: **prefectureId が返ってきていない**。実際の項目名: id, playerId, nickname, currentLeagueId, currentRanking, prefectureName, championShipPoint, publicFlg, championFlg, avatarImage
[2026-09-24T17:06:35] [ERROR] [prefecture] マスター(master) p162: **prefectureId が返ってきていない**。実際の項目名: id, playerId, nickname, currentLeagueId, currentRanking, prefectureName, championShipPoint, publicFlg, championFlg, avatarImage
[2026-09-24T17:06:35] [ERROR] [prefecture] マスター(master) p163: **prefectureId が返ってきていない**。実際の項目名: id, playerId, nickname, currentLeagueId, currentRanking, prefectureName, championShipPoint, publicFlg, championFlg, avatarImage
[2026-09-24T17:06:35] [ERROR] [prefecture] マスター(master) p164: **prefectureId が返ってきていない**。実際の項目名: id, playerId, nickname, currentLeagueId, currentRanking, prefectureName, championShipPoint, publicFlg, championFlg, avatarImage
[2026-09-24T17:06:35] [ERROR] [prefecture] マスター(master) p165: **prefectureId が返ってきていない**。実際の項目名: id, playerId, nickname, currentLeagueId, currentRanking, prefectureName, championShipPoint, publicFlg, championFlg, avatarImage
[2026-09-24T17:06:35] [ERROR] [prefecture] マスター(master) p166: **prefectureId が返ってきていない**。実際の項目名: id, playerId, nickname, currentLeagueId, currentRanking, prefectureName, championShipPoint, publicFlg, championFlg, avatarImage
[2026-09-24T17:06:35] [ERROR] [prefecture] マスター(master) p167: **prefectureId が返ってきていない**。実際の項目名: id, playerId, nickname, currentLeagueId, currentRanking, prefectureName, championShipPoint, publicFlg, championFlg, avatarImage
[2026-09-24T17:06:35] [ERROR] [prefecture] マスター(master) p168: **prefectureId が返ってきていない**。実際の項目名: id, playerId, nickname, currentLeagueId, currentRanking, prefectureName, championShipPoint, publicFlg, championFlg, avatarImage
[2026-09-24T17:06:35] [ERROR] [prefecture] マスター(master) p169: **prefectureId が返ってきていない**。実際の項目名: id, playerId, nickname, currentLeagueId, currentRanking, prefectureName, championShipPoint, publicFlg, championFlg, avatarImage
[2026-09-24T17:06:35] [ERROR] [prefecture] マスター(master) p170: **prefectureId が返ってきていない**。実際の項目名: id, playerId, nickname, currentLeagueId, currentRanking, prefectureName, championShipPoint, publicFlg, championFlg, avatarImage
[2026-09-24T17:06:35] [ERROR] [prefecture] マスター(master) p171: **prefectureId が返ってきていない**。実際の項目名: id, playerId, nickname, currentLeagueId, currentRanking, prefectureName, championShipPoint, publicFlg, championFlg, avatarImage
[2026-09-24T17:06:35] [ERROR] [prefecture] マスター(master) p172: **prefectureId が返ってきていない**。実際の項目名: id, playerId, nickname, currentLeagueId, currentRanking, prefectureName, championShipPoint, publicFlg, championFlg, avatarImage
[2026-09-24T17:06:35] [ERROR] [prefecture] マスター(master) p173: **prefectureId が返ってきていない**。実際の項目名: id, playerId, nickname, currentLeagueId, currentRanking, prefectureName, championShipPoint, publicFlg, championFlg, avatarImage
[2026-09-24T17:06:35] [ERROR] [prefecture] マスター(master) p174: **prefectureId が返ってきていない**。実際の項目名: id, playerId, nickname, currentLeagueId, currentRanking, prefectureName, championShipPoint, publicFlg, championFlg, avatarImage
[2026-09-24T17:06:35] [ERROR] [prefecture] マスター(master) p175: **prefectureId が返ってきていない**。実際の項目名: id, playerId, nickname, currentLeagueId, currentRanking, prefectureName, championShipPoint, publicFlg, championFlg, avatarImage
[2026-09-24T17:06:35] [ERROR] [prefecture] マスター(master) p176: **prefectureId が返ってきていない**。実際の項目名: id, playerId, nickname, currentLeagueId, currentRanking, prefectureName, championShipPoint, publicFlg, championFlg, avatarImage
[2026-09-24T17:06:35] [ERROR] [prefecture] マスター(master) p177: **prefectureId が返ってきていない**。実際の項目名: id, playerId, nickname, currentLeagueId, currentRanking, prefectureName, championShipPoint, publicFlg, championFlg, avatarImage
[2026-09-24T17:06:35] [ERROR] [prefecture] マスター(master) p178: **prefectureId が返ってきていない**。実際の項目名: id, playerId, nickname, currentLeagueId, currentRanking, prefectureName, championShipPoint, publicFlg, championFlg, avatarImage
[2026-09-24T17:06:35] [ERROR] [prefecture] マスター(master) p179: **prefectureId が返ってきていない**。実際の項目名: id, playerId, nickname, currentLeagueId, currentRanking, prefectureName, championShipPoint, publicFlg, championFlg, avatarImage
[2026-09-24T17:06:35] [ERROR] [prefecture] マスター(master) p180: **prefectureId が返ってきていない**。実際の項目名: id, playerId, nickname, currentLeagueId, currentRanking, prefectureName, championShipPoint, publicFlg, championFlg, avatarImage
[2026-09-24T17:06:35] [ERROR] [prefecture] マスター(master) p181: **prefectureId が返ってきていない**。実際の項目名: id, playerId, nickname, currentLeagueId, currentRanking, prefectureName, championShipPoint, publicFlg, championFlg, avatarImage
[2026-09-24T17:06:35] [ERROR] [prefecture] マスター(master) p182: **prefectureId が返ってきていない**。実際の項目名: id, playerId, nickname, currentLeagueId, currentRanking, prefectureName, championShipPoint, publicFlg, championFlg, avatarImage
[2026-09-24T17:06:35] [ERROR] [prefecture] マスター(master) p183: **prefectureId が返ってきていない**。実際の項目名: id, playerId, nickname, currentLeagueId, currentRanking, prefectureName, championShipPoint, publicFlg, championFlg, avatarImage
[2026-09-24T17:06:35] [ERROR] [prefecture] マスター(master) p184: **prefectureId が返ってきていない**。実際の項目名: id, playerId, nickname, currentLeagueId, currentRanking, prefectureName, championShipPoint, publicFlg, championFlg, avatarImage
[2026-09-24T17:06:35] [ERROR] [prefecture] マスター(master) p185: **prefectureId が返ってきていない**。実際の項目名: id, playerId, nickname, currentLeagueId, currentRanking, prefectureName, championShipPoint, publicFlg, championFlg, avatarImage
[2026-09-24T17:06:35] [ERROR] [prefecture] マスター(master) p186: **prefectureId が返ってきていない**。実際の項目名: id, playerId, nickname, currentLeagueId, currentRanking, prefectureName, championShipPoint, publicFlg, championFlg, avatarImage
[2026-09-24T17:06:35] [ERROR] [prefecture] マスター(master) p187: **prefectureId が返ってきていない**。実際の項目名: id, playerId, nickname, currentLeagueId, currentRanking, prefectureName, championShipPoint, publicFlg, championFlg, avatarImage
[2026-09-24T17:06:35] [ERROR] [prefecture] マスター(master) p188: **prefectureId が返ってきていない**。実際の項目名: id, playerId, nickname, currentLeagueId, currentRanking, prefectureName, championShipPoint, publicFlg, championFlg, avatarImage
[2026-09-24T17:06:35] [ERROR] [prefecture] マスター(master) p189: **prefectureId が返ってきていない**。実際の項目名: id, playerId, nickname, currentLeagueId, currentRanking, prefectureName, championShipPoint, publicFlg, championFlg, avatarImage
[2026-09-24T17:06:35] [ERROR] [prefecture] マスター(master) p190: **prefectureId が返ってきていない**。実際の項目名: id, playerId, nickname, currentLeagueId, currentRanking, prefectureName, championShipPoint, publicFlg, championFlg, avatarImage
[2026-09-24T17:06:35] [ERROR] [prefecture] マスター(master) p191: **prefectureId が返ってきていない**。実際の項目名: id, playerId, nickname, currentLeagueId, currentRanking, prefectureName, championShipPoint, publicFlg, championFlg, avatarImage
[2026-09-24T17:06:35] [ERROR] [prefecture] マスター(master) p192: **prefectureId が返ってきていない**。実際の項目名: id, playerId, nickname, currentLeagueId, currentRanking, prefectureName, championShipPoint, publicFlg, championFlg, avatarImage
[2026-09-24T17:06:35] [ERROR] [prefecture] マスター(master) p193: **prefectureId が返ってきていない**。実際の項目名: id, playerId, nickname, currentLeagueId, currentRanking, prefectureName, championShipPoint, publicFlg, championFlg, avatarImage
[2026-09-24T17:06:35] [ERROR] [prefecture] マスター(master) p194: **prefectureId が返ってきていない**。実際の項目名: id, playerId, nickname, currentLeagueId, currentRanking, prefectureName, championShipPoint, publicFlg, championFlg, avatarImage
[2026-09-24T17:06:35] [ERROR] [prefecture] マスター(master) p195: **prefectureId が返ってきていない**。実際の項目名: id, playerId, nickname, currentLeagueId, currentRanking, prefectureName, championShipPoint, publicFlg, championFlg, avatarImage
[2026-09-24T17:06:35] [ERROR] [prefecture] マスター(master) p196: **prefectureId が返ってきていない**。実際の項目名: id, playerId, nickname, currentLeagueId, currentRanking, prefectureName, championShipPoint, publicFlg, championFlg, avatarImage
[2026-09-24T17:06:35] [ERROR] [prefecture] マスター(master) p197: **prefectureId が返ってきていない**。実際の項目名: id, playerId, nickname, currentLeagueId, currentRanking, prefectureName, championShipPoint, publicFlg, championFlg, avatarImage
[2026-09-24T17:06:35] [ERROR] [prefecture] マスター(master) p198: **prefectureId が返ってきていない**。実際の項目名: id, playerId, nickname, currentLeagueId, currentRanking, prefectureName, championShipPoint, publicFlg, championFlg, avatarImage
[2026-09-24T17:06:35] [ERROR] [prefecture] マスター(master) p199: **prefectureId が返ってきていない**。実際の項目名: id, playerId, nickname, currentLeagueId, currentRanking, prefectureName, championShipPoint, publicFlg, championFlg, avatarImage
[2026-09-24T17:06:35] [ERROR] [prefecture] マスター(master) p200: **prefectureId が返ってきていない**。実際の項目名: id, playerId, nickname, currentLeagueId, currentRanking, prefectureName, championShipPoint, publicFlg, championFlg, avatarImage
[2026-09-24T17:06:35] [ERROR] [prefecture] マスター(master) p201: **prefectureId が返ってきていない**。実際の項目名: id, playerId, nickname, currentLeagueId, currentRanking, prefectureName, championShipPoint, publicFlg, championFlg, avatarImage
[2026-09-24T17:06:35] [ERROR] [prefecture] マスター(master) p202: **prefectureId が返ってきていない**。実際の項目名: id, playerId, nickname, currentLeagueId, currentRanking, prefectureName, championShipPoint, publicFlg, championFlg, avatarImage
[2026-09-24T17:06:35] [ERROR] [prefecture] マスター(master) p203: **prefectureId が返ってきていない**。実際の項目名: id, playerId, nickname, currentLeagueId, currentRanking, prefectureName, championShipPoint, publicFlg, championFlg, avatarImage
[2026-09-24T17:06:35] [ERROR] [prefecture] マスター(master) p204: **prefectureId が返ってきていない**。実際の項目名: id, playerId, nickname, currentLeagueId, currentRanking, prefectureName, championShipPoint, publicFlg, championFlg, avatarImage
[2026-09-24T17:06:35] [ERROR] [prefecture] マスター(master) p205: **prefectureId が返ってきていない**。実際の項目名: id, playerId, nickname, currentLeagueId, currentRanking, prefectureName, championShipPoint, publicFlg, championFlg, avatarImage
[2026-09-24T17:06:35] [ERROR] [prefecture] マスター(master) p206: **prefectureId が返ってきていない**。実際の項目名: id, playerId, nickname, currentLeagueId, currentRanking, prefectureName, championShipPoint, publicFlg, championFlg, avatarImage
[2026-09-24T17:06:35] [ERROR] [prefecture] マスター(master) p207: **prefectureId が返ってきていない**。実際の項目名: id, playerId, nickname, currentLeagueId, currentRanking, prefectureName, championShipPoint, publicFlg, championFlg, avatarImage
[2026-09-24T17:06:35] [ERROR] [prefecture] マスター(master) p208: **prefectureId が返ってきていない**。実際の項目名: id, playerId, nickname, currentLeagueId, currentRanking, prefectureName, championShipPoint, publicFlg, championFlg, avatarImage
[2026-09-24T17:06:35] [ERROR] [prefecture] マスター(master) p209: **prefectureId が返ってきていない**。実際の項目名: id, playerId, nickname, currentLeagueId, currentRanking, prefectureName, championShipPoint, publicFlg, championFlg, avatarImage
[2026-09-24T17:06:35] [ERROR] [prefecture] マスター(master) p210: **prefectureId が返ってきていない**。実際の項目名: id, playerId, nickname, currentLeagueId, currentRanking, prefectureName, championShipPoint, publicFlg, championFlg, avatarImage
[2026-09-24T17:06:35] [ERROR] [prefecture] マスター(master) p211: **prefectureId が返ってきていない**。実際の項目名: id, playerId, nickname, currentLeagueId, currentRanking, prefectureName, championShipPoint, publicFlg, championFlg, avatarImage
[2026-09-24T17:06:35] [ERROR] [prefecture] マスター(master) p212: **prefectureId が返ってきていない**。実際の項目名: id, playerId, nickname, currentLeagueId, currentRanking, prefectureName, championShipPoint, publicFlg, championFlg, avatarImage
[2026-09-24T17:06:35] [ERROR] [prefecture] マスター(master) p213: **prefectureId が返ってきていない**。実際の項目名: id, playerId, nickname, currentLeagueId, currentRanking, prefectureName, championShipPoint, publicFlg, championFlg, avatarImage
[2026-09-24T17:06:35] [ERROR] [prefecture] マスター(master) p214: **prefectureId が返ってきていない**。実際の項目名: id, playerId, nickname, currentLeagueId, currentRanking, prefectureName, championShipPoint, publicFlg, championFlg, avatarImage
[2026-09-24T17:06:35] [ERROR] [prefecture] マスター(master) p215: **prefectureId が返ってきていない**。実際の項目名: id, playerId, nickname, currentLeagueId, currentRanking, prefectureName, championShipPoint, publicFlg, championFlg, avatarImage
[2026-09-24T17:06:35] [ERROR] [prefecture] マスター(master) p216: **prefectureId が返ってきていない**。実際の項目名: id, playerId, nickname, currentLeagueId, currentRanking, prefectureName, championShipPoint, publicFlg, championFlg, avatarImage
[2026-09-24T17:06:35] [ERROR] [prefecture] マスター(master) p217: **prefectureId が返ってきていない**。実際の項目名: id, playerId, nickname, currentLeagueId, currentRanking, prefectureName, championShipPoint, publicFlg, championFlg, avatarImage
[2026-09-24T17:06:35] [ERROR] [prefecture] マスター(master) p218: **prefectureId が返ってきていない**。実際の項目名: id, playerId, nickname, currentLeagueId, currentRanking, prefectureName, championShipPoint, publicFlg, championFlg, avatarImage
[2026-09-24T17:06:35] [ERROR] [prefecture] マスター(master) p219: **prefectureId が返ってきていない**。実際の項目名: id, playerId, nickname, currentLeagueId, currentRanking, prefectureName, championShipPoint, publicFlg, championFlg, avatarImage
[2026-09-24T17:06:35] [ERROR] [prefecture] マスター(master) p220: **prefectureId が返ってきていない**。実際の項目名: id, playerId, nickname, currentLeagueId, currentRanking, prefectureName, championShipPoint, publicFlg, championFlg, avatarImage
[2026-09-24T17:06:35] [ERROR] [prefecture] マスター(master) p221: **prefectureId が返ってきていない**。実際の項目名: id, playerId, nickname, currentLeagueId, currentRanking, prefectureName, championShipPoint, publicFlg, championFlg, avatarImage
[2026-09-24T17:06:35] [ERROR] [prefecture] マスター(master) p222: **prefectureId が返ってきていない**。実際の項目名: id, playerId, nickname, currentLeagueId, currentRanking, prefectureName, championShipPoint, publicFlg, championFlg, avatarImage
[2026-09-24T17:06:35] [ERROR] [prefecture] マスター(master) p223: **prefectureId が返ってきていない**。実際の項目名: id, playerId, nickname, currentLeagueId, currentRanking, prefectureName, championShipPoint, publicFlg, championFlg, avatarImage
[2026-09-24T17:06:35] [ERROR] [prefecture] マスター(master) p224: **prefectureId が返ってきていない**。実際の項目名: id, playerId, nickname, currentLeagueId, currentRanking, prefectureName, championShipPoint, publicFlg, championFlg, avatarImage
[2026-09-24T17:06:35] [ERROR] [prefecture] マスター(master) p225: **prefectureId が返ってきていない**。実際の項目名: id, playerId, nickname, currentLeagueId, currentRanking, prefectureName, championShipPoint, publicFlg, championFlg, avatarImage
[2026-09-24T17:06:35] [ERROR] [prefecture] マスター(master) p226: **prefectureId が返ってきていない**。実際の項目名: id, playerId, nickname, currentLeagueId, currentRanking, prefectureName, championShipPoint, publicFlg, championFlg, avatarImage
[2026-09-24T17:06:35] [ERROR] [prefecture] マスター(master) p227: **prefectureId が返ってきていない**。実際の項目名: id, playerId, nickname, currentLeagueId, currentRanking, prefectureName, championShipPoint, publicFlg, championFlg, avatarImage
[2026-09-24T17:06:35] [ERROR] [prefecture] マスター(master) p228: **prefectureId が返ってきていない**。実際の項目名: id, playerId, nickname, currentLeagueId, currentRanking, prefectureName, championShipPoint, publicFlg, championFlg, avatarImage
[2026-09-24T17:06:35] [ERROR] [prefecture] マスター(master) p229: **prefectureId が返ってきていない**。実際の項目名: id, playerId, nickname, currentLeagueId, currentRanking, prefectureName, championShipPoint, publicFlg, championFlg, avatarImage
[2026-09-24T17:06:35] [ERROR] [prefecture] マスター(master) p230: **prefectureId が返ってきていない**。実際の項目名: id, playerId, nickname, currentLeagueId, currentRanking, prefectureName, championShipPoint, publicFlg, championFlg, avatarImage
[2026-09-24T17:06:35] [ERROR] [prefecture] マスター(master) p231: **prefectureId が返ってきていない**。実際の項目名: id, playerId, nickname, currentLeagueId, currentRanking, prefectureName, championShipPoint, publicFlg, championFlg, avatarImage
[2026-09-24T17:06:35] [ERROR] [prefecture] マスター(master) p232: **prefectureId が返ってきていない**。実際の項目名: id, playerId, nickname, currentLeagueId, currentRanking, prefectureName, championShipPoint, publicFlg, championFlg, avatarImage
[2026-09-24T17:06:35] [ERROR] [prefecture] マスター(master) p233: **prefectureId が返ってきていない**。実際の項目名: id, playerId, nickname, currentLeagueId, currentRanking, prefectureName, championShipPoint, publicFlg, championFlg, avatarImage
[2026-09-24T17:06:35] [ERROR] [prefecture] マスター(master) p234: **prefectureId が返ってきていない**。実際の項目名: id, playerId, nickname, currentLeagueId, currentRanking, prefectureName, championShipPoint, publicFlg, championFlg, avatarImage
[2026-09-24T17:06:35] [ERROR] [prefecture] マスター(master) p235: **prefectureId が返ってきていない**。実際の項目名: id, playerId, nickname, currentLeagueId, currentRanking, prefectureName, championShipPoint, publicFlg, championFlg, avatarImage
[2026-09-24T17:06:35] [ERROR] [prefecture] マスター(master) p236: **prefectureId が返ってきていない**。実際の項目名: id, playerId, nickname, currentLeagueId, currentRanking, prefectureName, championShipPoint, publicFlg, championFlg, avatarImage
[2026-09-24T17:06:35] [ERROR] [prefecture] マスター(master) p237: **prefectureId が返ってきていない**。実際の項目名: id, playerId, nickname, currentLeagueId, currentRanking, prefectureName, championShipPoint, publicFlg, championFlg, avatarImage
[2026-09-24T17:06:35] [ERROR] [prefecture] マスター(master) p238: **prefectureId が返ってきていない**。実際の項目名: id, playerId, nickname, currentLeagueId, currentRanking, prefectureName, championShipPoint, publicFlg, championFlg, avatarImage
[2026-09-24T17:06:35] [ERROR] [prefecture] マスター(master) p239: **prefectureId が返ってきていない**。実際の項目名: id, playerId, nickname, currentLeagueId, currentRanking, prefectureName, championShipPoint, publicFlg, championFlg, avatarImage
[2026-09-24T17:06:35] [ERROR] [prefecture] マスター(master) p240: **prefectureId が返ってきていない**。実際の項目名: id, playerId, nickname, currentLeagueId, currentRanking, prefectureName, championShipPoint, publicFlg, championFlg, avatarImage
[2026-09-24T17:06:35] [INFO] マスター (master) batch fetched 2400 players (pages 240/243, offset: 4800).
[2026-09-24T17:06:35] [INFO] Starting new rank fetch cycle for シニア (senior)...
[2026-09-24T17:06:35] [ERROR] [prefecture] シニア(senior) p1: **prefectureId が返ってきていない**。実際の項目名: id, playerId, nickname, currentLeagueId, currentRanking, prefectureName, championShipPoint, publicFlg, championFlg, avatarImage
[2026-09-24T17:06:35] [ERROR] [prefecture] シニア(senior) p2: **prefectureId が返ってきていない**。実際の項目名: id, playerId, nickname, currentLeagueId, currentRanking, prefectureName, championShipPoint, publicFlg, championFlg, avatarImage
[2026-09-24T17:06:35] [ERROR] [prefecture] シニア(senior) p3: **prefectureId が返ってきていない**。実際の項目名: id, playerId, nickname, currentLeagueId, currentRanking, prefectureName, championShipPoint, publicFlg, championFlg, avatarImage
[2026-09-24T17:06:35] [ERROR] [prefecture] シニア(senior) p4: **prefectureId が返ってきていない**。実際の項目名: id, playerId, nickname, currentLeagueId, currentRanking, prefectureName, championShipPoint, publicFlg, championFlg, avatarImage
[2026-09-24T17:06:35] [ERROR] [prefecture] シニア(senior) p5: **prefectureId が返ってきていない**。実際の項目名: id, playerId, nickname, currentLeagueId, currentRanking, prefectureName, championShipPoint, publicFlg, championFlg, avatarImage
[2026-09-24T17:06:35] [ERROR] [prefecture] シニア(senior) p6: **prefectureId が返ってきていない**。実際の項目名: id, playerId, nickname, currentLeagueId, currentRanking, prefectureName, championShipPoint, publicFlg, championFlg, avatarImage
[2026-09-24T17:06:35] [ERROR] [prefecture] シニア(senior) p7: **prefectureId が返ってきていない**。実際の項目名: id, playerId, nickname, currentLeagueId, currentRanking, prefectureName, championShipPoint, publicFlg, championFlg, avatarImage
[2026-09-24T17:06:35] [ERROR] [prefecture] シニア(senior) p8: **prefectureId が返ってきていない**。実際の項目名: id, playerId, nickname, currentLeagueId, currentRanking, prefectureName, championShipPoint, publicFlg, championFlg, avatarImage
[2026-09-24T17:06:35] [ERROR] [prefecture] シニア(senior) p9: **prefectureId が返ってきていない**。実際の項目名: id, playerId, nickname, currentLeagueId, currentRanking, prefectureName, championShipPoint, publicFlg, championFlg, avatarImage
[2026-09-24T17:06:35] [ERROR] [prefecture] シニア(senior) p10: **prefectureId が返ってきていない**。実際の項目名: id, playerId, nickname, currentLeagueId, currentRanking, prefectureName, championShipPoint, publicFlg, championFlg, avatarImage
[2026-09-24T17:06:35] [ERROR] [prefecture] シニア(senior) p11: **prefectureId が返ってきていない**。実際の項目名: id, playerId, nickname, currentLeagueId, currentRanking, prefectureName, championShipPoint, publicFlg, championFlg, avatarImage
[2026-09-24T17:06:35] [ERROR] [prefecture] シニア(senior) p12: **prefectureId が返ってきていない**。実際の項目名: id, playerId, nickname, currentLeagueId, currentRanking, prefectureName, championShipPoint, publicFlg, championFlg, avatarImage
[2026-09-24T17:06:35] [ERROR] [prefecture] シニア(senior) p13: **prefectureId が返ってきていない**。実際の項目名: id, playerId, nickname, currentLeagueId, currentRanking, prefectureName, championShipPoint, publicFlg, championFlg, avatarImage
[2026-09-24T17:06:35] [ERROR] [prefecture] シニア(senior) p14: **prefectureId が返ってきていない**。実際の項目名: id, playerId, nickname, currentLeagueId, currentRanking, prefectureName, championShipPoint, publicFlg, championFlg, avatarImage
[2026-09-24T17:06:35] [ERROR] [prefecture] シニア(senior) p15: **prefectureId が返ってきていない**。実際の項目名: id, playerId, nickname, currentLeagueId, currentRanking, prefectureName, championShipPoint, publicFlg, championFlg, avatarImage
[2026-09-24T17:06:35] [ERROR] [prefecture] シニア(senior) p16: **prefectureId が返ってきていない**。実際の項目名: id, playerId, nickname, currentLeagueId, currentRanking, prefectureName, championShipPoint, publicFlg, championFlg, avatarImage
[2026-09-24T17:06:35] [ERROR] [prefecture] シニア(senior) p17: **prefectureId が返ってきていない**。実際の項目名: id, playerId, nickname, currentLeagueId, currentRanking, prefectureName, championShipPoint, publicFlg, championFlg, avatarImage
[2026-09-24T17:06:35] [ERROR] [prefecture] シニア(senior) p18: **prefectureId が返ってきていない**。実際の項目名: id, playerId, nickname, currentLeagueId, currentRanking, prefectureName, championShipPoint, publicFlg, championFlg, avatarImage
[2026-09-24T17:06:35] [ERROR] [prefecture] シニア(senior) p19: **prefectureId が返ってきていない**。実際の項目名: id, playerId, nickname, currentLeagueId, currentRanking, prefectureName, championShipPoint, publicFlg, championFlg, avatarImage
[2026-09-24T17:06:35] [ERROR] [prefecture] シニア(senior) p20: **prefectureId が返ってきていない**。実際の項目名: id, playerId, nickname, currentLeagueId, currentRanking, prefectureName, championShipPoint, publicFlg, championFlg, avatarImage
[2026-09-24T17:06:35] [ERROR] [prefecture] シニア(senior) p21: **prefectureId が返ってきていない**。実際の項目名: id, playerId, nickname, currentLeagueId, currentRanking, prefectureName, championShipPoint, publicFlg, championFlg, avatarImage
[2026-09-24T17:06:35] [ERROR] [prefecture] シニア(senior) p22: **prefectureId が返ってきていない**。実際の項目名: id, playerId, nickname, currentLeagueId, currentRanking, prefectureName, championShipPoint, publicFlg, championFlg, avatarImage
[2026-09-24T17:06:35] [ERROR] [prefecture] シニア(senior) p23: **prefectureId が返ってきていない**。実際の項目名: id, playerId, nickname, currentLeagueId, currentRanking, prefectureName, championShipPoint, publicFlg, championFlg, avatarImage
[2026-09-24T17:06:35] [ERROR] [prefecture] シニア(senior) p24: **prefectureId が返ってきていない**。実際の項目名: id, playerId, nickname, currentLeagueId, currentRanking, prefectureName, championShipPoint, publicFlg, championFlg, avatarImage
[2026-09-24T17:06:35] [ERROR] [prefecture] シニア(senior) p25: **prefectureId が返ってきていない**。実際の項目名: id, playerId, nickname, currentLeagueId, currentRanking, prefectureName, championShipPoint, publicFlg, championFlg, avatarImage
[2026-09-24T17:06:35] [ERROR] [prefecture] シニア(senior) p26: **prefectureId が返ってきていない**。実際の項目名: id, playerId, nickname, currentLeagueId, currentRanking, prefectureName, championShipPoint, publicFlg, championFlg, avatarImage
[2026-09-24T17:06:35] [ERROR] [prefecture] シニア(senior) p27: **prefectureId が返ってきていない**。実際の項目名: id, playerId, nickname, currentLeagueId, currentRanking, prefectureName, championShipPoint, publicFlg, championFlg, avatarImage
[2026-09-24T17:06:35] [ERROR] [prefecture] シニア(senior) p28: **prefectureId が返ってきていない**。実際の項目名: id, playerId, nickname, currentLeagueId, currentRanking, prefectureName, championShipPoint, publicFlg, championFlg, avatarImage
[2026-09-24T17:06:35] [ERROR] [prefecture] シニア(senior) p29: **prefectureId が返ってきていない**。実際の項目名: id, playerId, nickname, currentLeagueId, currentRanking, prefectureName, championShipPoint, publicFlg, championFlg, avatarImage
[2026-09-24T17:06:35] [ERROR] [prefecture] シニア(senior) p30: **prefectureId が返ってきていない**。実際の項目名: id, playerId, nickname, currentLeagueId, currentRanking, prefectureName, championShipPoint, publicFlg, championFlg, avatarImage
[2026-09-24T17:06:35] [ERROR] [prefecture] シニア(senior) p31: **prefectureId が返ってきていない**。実際の項目名: id, playerId, nickname, currentLeagueId, currentRanking, prefectureName, championShipPoint, publicFlg, championFlg, avatarImage
[2026-09-24T17:06:35] [ERROR] [prefecture] シニア(senior) p32: **prefectureId が返ってきていない**。実際の項目名: id, playerId, nickname, currentLeagueId, currentRanking, prefectureName, championShipPoint, publicFlg, championFlg, avatarImage
[2026-09-24T17:06:35] [ERROR] [prefecture] シニア(senior) p33: **prefectureId が返ってきていない**。実際の項目名: id, playerId, nickname, currentLeagueId, currentRanking, prefectureName, championShipPoint, publicFlg, championFlg, avatarImage
[2026-09-24T17:06:35] [ERROR] [prefecture] シニア(senior) p34: **prefectureId が返ってきていない**。実際の項目名: id, playerId, nickname, currentLeagueId, currentRanking, prefectureName, championShipPoint, publicFlg, championFlg, avatarImage
[2026-09-24T17:06:35] [ERROR] [prefecture] シニア(senior) p35: **prefectureId が返ってきていない**。実際の項目名: id, playerId, nickname, currentLeagueId, currentRanking, prefectureName, championShipPoint, publicFlg, championFlg, avatarImage
[2026-09-24T17:06:35] [ERROR] [prefecture] シニア(senior) p36: **prefectureId が返ってきていない**。実際の項目名: id, playerId, nickname, currentLeagueId, currentRanking, prefectureName, championShipPoint, publicFlg, championFlg, avatarImage
[2026-09-24T17:06:35] [ERROR] [prefecture] シニア(senior) p37: **prefectureId が返ってきていない**。実際の項目名: id, playerId, nickname, currentLeagueId, currentRanking, prefectureName, championShipPoint, publicFlg, championFlg, avatarImage
[2026-09-24T17:06:35] [ERROR] [prefecture] シニア(senior) p38: **prefectureId が返ってきていない**。実際の項目名: id, playerId, nickname, currentLeagueId, currentRanking, prefectureName, championShipPoint, publicFlg, championFlg, avatarImage
[2026-09-24T17:06:35] [ERROR] [prefecture] シニア(senior) p39: **prefectureId が返ってきていない**。実際の項目名: id, playerId, nickname, currentLeagueId, currentRanking, prefectureName, championShipPoint, publicFlg, championFlg, avatarImage
[2026-09-24T17:06:35] [ERROR] [prefecture] シニア(senior) p40: **prefectureId が返ってきていない**。実際の項目名: id, playerId, nickname, currentLeagueId, currentRanking, prefectureName, championShipPoint, publicFlg, championFlg, avatarImage
[2026-09-24T17:06:35] [ERROR] [prefecture] シニア(senior) p41: **prefectureId が返ってきていない**。実際の項目名: id, playerId, nickname, currentLeagueId, currentRanking, prefectureName, championShipPoint, publicFlg, championFlg, avatarImage
[2026-09-24T17:06:35] [ERROR] [prefecture] シニア(senior) p42: **prefectureId が返ってきていない**。実際の項目名: id, playerId, nickname, currentLeagueId, currentRanking, prefectureName, championShipPoint, publicFlg, championFlg, avatarImage
[2026-09-24T17:06:35] [INFO] シニア (senior) cycle completed. Pages: 42/42, Processed: 840, Dropped: 0.
[2026-09-24T17:06:35] [INFO] Starting new rank fetch cycle for ジュニア (junior)...
[2026-09-24T17:06:35] [ERROR] [prefecture] ジュニア(junior) p1: **prefectureId が返ってきていない**。実際の項目名: id, playerId, nickname, currentLeagueId, currentRanking, prefectureName, championShipPoint, publicFlg, championFlg, avatarImage
[2026-09-24T17:06:35] [ERROR] [prefecture] ジュニア(junior) p2: **prefectureId が返ってきていない**。実際の項目名: id, playerId, nickname, currentLeagueId, currentRanking, prefectureName, championShipPoint, publicFlg, championFlg, avatarImage
[2026-09-24T17:06:35] [ERROR] [prefecture] ジュニア(junior) p3: **prefectureId が返ってきていない**。実際の項目名: id, playerId, nickname, currentLeagueId, currentRanking, prefectureName, championShipPoint, publicFlg, championFlg, avatarImage
[2026-09-24T17:06:35] [ERROR] [prefecture] ジュニア(junior) p4: **prefectureId が返ってきていない**。実際の項目名: id, playerId, nickname, currentLeagueId, currentRanking, prefectureName, championShipPoint, publicFlg, championFlg, avatarImage
[2026-09-24T17:06:35] [ERROR] [prefecture] ジュニア(junior) p5: **prefectureId が返ってきていない**。実際の項目名: id, playerId, nickname, currentLeagueId, currentRanking, prefectureName, championShipPoint, publicFlg, championFlg, avatarImage
[2026-09-24T17:06:35] [ERROR] [prefecture] ジュニア(junior) p6: **prefectureId が返ってきていない**。実際の項目名: id, playerId, nickname, currentLeagueId, currentRanking, prefectureName, championShipPoint, publicFlg, championFlg, avatarImage
[2026-09-24T17:06:35] [ERROR] [prefecture] ジュニア(junior) p7: **prefectureId が返ってきていない**。実際の項目名: id, playerId, nickname, currentLeagueId, currentRanking, prefectureName, championShipPoint, publicFlg, championFlg, avatarImage
[2026-09-24T17:06:35] [ERROR] [prefecture] ジュニア(junior) p8: **prefectureId が返ってきていない**。実際の項目名: id, playerId, nickname, currentLeagueId, currentRanking, prefectureName, championShipPoint, publicFlg, championFlg, avatarImage
[2026-09-24T17:06:35] [ERROR] [prefecture] ジュニア(junior) p9: **prefectureId が返ってきていない**。実際の項目名: id, playerId, nickname, currentLeagueId, currentRanking, prefectureName, championShipPoint, publicFlg, championFlg, avatarImage
[2026-09-24T17:06:35] [ERROR] [prefecture] ジュニア(junior) p10: **prefectureId が返ってきていない**。実際の項目名: id, playerId, nickname, currentLeagueId, currentRanking, prefectureName, championShipPoint, publicFlg, championFlg, avatarImage
[2026-09-24T17:06:35] [ERROR] [prefecture] ジュニア(junior) p11: **prefectureId が返ってきていない**。実際の項目名: id, playerId, nickname, currentLeagueId, currentRanking, prefectureName, championShipPoint, publicFlg, championFlg, avatarImage
[2026-09-24T17:06:35] [ERROR] [prefecture] ジュニア(junior) p12: **prefectureId が返ってきていない**。実際の項目名: id, playerId, nickname, currentLeagueId, currentRanking, prefectureName, championShipPoint, publicFlg, championFlg, avatarImage
[2026-09-24T17:06:35] [ERROR] [prefecture] ジュニア(junior) p13: **prefectureId が返ってきていない**。実際の項目名: id, playerId, nickname, currentLeagueId, currentRanking, prefectureName, championShipPoint, publicFlg, championFlg, avatarImage
[2026-09-24T17:06:35] [ERROR] [prefecture] ジュニア(junior) p14: **prefectureId が返ってきていない**。実際の項目名: id, playerId, nickname, currentLeagueId, currentRanking, prefectureName, championShipPoint, publicFlg, championFlg, avatarImage
[2026-09-24T17:06:35] [ERROR] [prefecture] ジュニア(junior) p15: **prefectureId が返ってきていない**。実際の項目名: id, playerId, nickname, currentLeagueId, currentRanking, prefectureName, championShipPoint, publicFlg, championFlg, avatarImage
[2026-09-24T17:06:35] [ERROR] [prefecture] ジュニア(junior) p16: **prefectureId が返ってきていない**。実際の項目名: id, playerId, nickname, currentLeagueId, currentRanking, prefectureName, championShipPoint, publicFlg, championFlg, avatarImage
[2026-09-24T17:06:35] [ERROR] [prefecture] ジュニア(junior) p17: **prefectureId が返ってきていない**。実際の項目名: id, playerId, nickname, currentLeagueId, currentRanking, prefectureName, championShipPoint, publicFlg, championFlg, avatarImage
[2026-09-24T17:06:35] [ERROR] [prefecture] ジュニア(junior) p18: **prefectureId が返ってきていない**。実際の項目名: id, playerId, nickname, currentLeagueId, currentRanking, prefectureName, championShipPoint, publicFlg, championFlg, avatarImage
[2026-09-24T17:06:35] [ERROR] [prefecture] ジュニア(junior) p19: **prefectureId が返ってきていない**。実際の項目名: id, playerId, nickname, currentLeagueId, currentRanking, prefectureName, championShipPoint, publicFlg, championFlg, avatarImage
[2026-09-24T17:06:35] [ERROR] [prefecture] ジュニア(junior) p20: **prefectureId が返ってきていない**。実際の項目名: id, playerId, nickname, currentLeagueId, currentRanking, prefectureName, championShipPoint, publicFlg, championFlg, avatarImage
[2026-09-24T17:06:35] [ERROR] [prefecture] ジュニア(junior) p21: **prefectureId が返ってきていない**。実際の項目名: id, playerId, nickname, currentLeagueId, currentRanking, prefectureName, championShipPoint, publicFlg, championFlg, avatarImage
[2026-09-24T17:06:35] [ERROR] [prefecture] ジュニア(junior) p22: **prefectureId が返ってきていない**。実際の項目名: id, playerId, nickname, currentLeagueId, currentRanking, prefectureName, championShipPoint, publicFlg, championFlg, avatarImage
[2026-09-24T17:06:35] [ERROR] [prefecture] ジュニア(junior) p23: **prefectureId が返ってきていない**。実際の項目名: id, playerId, nickname, currentLeagueId, currentRanking, prefectureName, championShipPoint, publicFlg, championFlg, avatarImage
[2026-09-24T17:06:35] [ERROR] [prefecture] ジュニア(junior) p24: **prefectureId が返ってきていない**。実際の項目名: id, playerId, nickname, currentLeagueId, currentRanking, prefectureName, championShipPoint, publicFlg, championFlg, avatarImage
[2026-09-24T17:06:35] [ERROR] [prefecture] ジュニア(junior) p25: **prefectureId が返ってきていない**。実際の項目名: id, playerId, nickname, currentLeagueId, currentRanking, prefectureName, championShipPoint, publicFlg, championFlg, avatarImage
[2026-09-24T17:06:35] [ERROR] [prefecture] ジュニア(junior) p26: **prefectureId が返ってきていない**。実際の項目名: id, playerId, nickname, currentLeagueId, currentRanking, prefectureName, championShipPoint, publicFlg, championFlg, avatarImage
[2026-09-24T17:06:35] [ERROR] [prefecture] ジュニア(junior) p27: **prefectureId が返ってきていない**。実際の項目名: id, playerId, nickname, currentLeagueId, currentRanking, prefectureName, championShipPoint, publicFlg, championFlg, avatarImage
[2026-09-24T17:06:35] [ERROR] [prefecture] ジュニア(junior) p28: **prefectureId が返ってきていない**。実際の項目名: id, playerId, nickname, currentLeagueId, currentRanking, prefectureName, championShipPoint, publicFlg, championFlg, avatarImage
[2026-09-24T17:06:35] [ERROR] [prefecture] ジュニア(junior) p29: **prefectureId が返ってきていない**。実際の項目名: id, playerId, nickname, currentLeagueId, currentRanking, prefectureName, championShipPoint, publicFlg, championFlg, avatarImage
[2026-09-24T17:06:35] [INFO] ジュニア (junior) cycle completed. Pages: 29/29, Processed: 580, Dropped: 0.
[2026-09-24T17:06:35] [INFO] --- Player Rank Import Task Completed ---
[2026-09-24T17:06:35] [INFO] --- Starting Player Rank Import Task ---
[2026-09-24T17:06:35] [ERROR] [prefecture] マスター(master) p241: **prefectureId が返ってきていない**。実際の項目名: id, playerId, nickname, currentLeagueId, currentRanking, prefectureName, championShipPoint, publicFlg, championFlg, avatarImage
[2026-09-24T17:06:35] [ERROR] [prefecture] マスター(master) p242: **prefectureId が返ってきていない**。実際の項目名: id, playerId, nickname, currentLeagueId, currentRanking, prefectureName, championShipPoint, publicFlg, championFlg, avatarImage
[2026-09-24T17:06:35] [ERROR] [prefecture] マスター(master) p243: **prefectureId が返ってきていない**。実際の項目名: id, playerId, nickname, currentLeagueId, currentRanking, prefectureName, championShipPoint, publicFlg, championFlg, avatarImage
[2026-09-24T17:06:35] [INFO] マスター (master) cycle completed. Pages: 243/243, Processed: 60, Dropped: 0.
[2026-09-24T17:06:35] [INFO] Starting new rank fetch cycle for シニア (senior)...
[2026-09-24T17:06:35] [ERROR] [prefecture] シニア(senior) p1: **prefectureId が返ってきていない**。実際の項目名: id, playerId, nickname, currentLeagueId, currentRanking, prefectureName, championShipPoint, publicFlg, championFlg, avatarImage
[2026-09-24T17:06:35] [ERROR] [prefecture] シニア(senior) p2: **prefectureId が返ってきていない**。実際の項目名: id, playerId, nickname, currentLeagueId, currentRanking, prefectureName, championShipPoint, publicFlg, championFlg, avatarImage
[2026-09-24T17:06:35] [ERROR] [prefecture] シニア(senior) p3: **prefectureId が返ってきていない**。実際の項目名: id, playerId, nickname, currentLeagueId, currentRanking, prefectureName, championShipPoint, publicFlg, championFlg, avatarImage
[2026-09-24T17:06:35] [ERROR] [prefecture] シニア(senior) p4: **prefectureId が返ってきていない**。実際の項目名: id, playerId, nickname, currentLeagueId, currentRanking, prefectureName, championShipPoint, publicFlg, championFlg, avatarImage
[2026-09-24T17:06:35] [ERROR] [prefecture] シニア(senior) p5: **prefectureId が返ってきていない**。実際の項目名: id, playerId, nickname, currentLeagueId, currentRanking, prefectureName, championShipPoint, publicFlg, championFlg, avatarImage
[2026-09-24T17:06:35] [ERROR] [prefecture] シニア(senior) p6: **prefectureId が返ってきていない**。実際の項目名: id, playerId, nickname, currentLeagueId, currentRanking, prefectureName, championShipPoint, publicFlg, championFlg, avatarImage
[2026-09-24T17:06:35] [ERROR] [prefecture] シニア(senior) p7: **prefectureId が返ってきていない**。実際の項目名: id, playerId, nickname, currentLeagueId, currentRanking, prefectureName, championShipPoint, publicFlg, championFlg, avatarImage
[2026-09-24T17:06:35] [ERROR] [prefecture] シニア(senior) p8: **prefectureId が返ってきていない**。実際の項目名: id, playerId, nickname, currentLeagueId, currentRanking, prefectureName, championShipPoint, publicFlg, championFlg, avatarImage
[2026-09-24T17:06:35] [ERROR] [prefecture] シニア(senior) p9: **prefectureId が返ってきていない**。実際の項目名: id, playerId, nickname, currentLeagueId, currentRanking, prefectureName, championShipPoint, publicFlg, championFlg, avatarImage
[2026-09-24T17:06:35] [ERROR] [prefecture] シニア(senior) p10: **prefectureId が返ってきていない**。実際の項目名: id, playerId, nickname, currentLeagueId, currentRanking, prefectureName, championShipPoint, publicFlg, championFlg, avatarImage
[2026-09-24T17:06:35] [ERROR] [prefecture] シニア(senior) p11: **prefectureId が返ってきていない**。実際の項目名: id, playerId, nickname, currentLeagueId, currentRanking, prefectureName, championShipPoint, publicFlg, championFlg, avatarImage
[2026-09-24T17:06:35] [ERROR] [prefecture] シニア(senior) p12: **prefectureId が返ってきていない**。実際の項目名: id, playerId, nickname, currentLeagueId, currentRanking, prefectureName, championShipPoint, publicFlg, championFlg, avatarImage
[2026-09-24T17:06:35] [ERROR] [prefecture] シニア(senior) p13: **prefectureId が返ってきていない**。実際の項目名: id, playerId, nickname, currentLeagueId, currentRanking, prefectureName, championShipPoint, publicFlg, championFlg, avatarImage
[2026-09-24T17:06:35] [ERROR] [prefecture] シニア(senior) p14: **prefectureId が返ってきていない**。実際の項目名: id, playerId, nickname, currentLeagueId, currentRanking, prefectureName, championShipPoint, publicFlg, championFlg, avatarImage
[2026-09-24T17:06:35] [ERROR] [prefecture] シニア(senior) p15: **prefectureId が返ってきていない**。実際の項目名: id, playerId, nickname, currentLeagueId, currentRanking, prefectureName, championShipPoint, publicFlg, championFlg, avatarImage
[2026-09-24T17:06:35] [ERROR] [prefecture] シニア(senior) p16: **prefectureId が返ってきていない**。実際の項目名: id, playerId, nickname, currentLeagueId, currentRanking, prefectureName, championShipPoint, publicFlg, championFlg, avatarImage
[2026-09-24T17:06:35] [ERROR] [prefecture] シニア(senior) p17: **prefectureId が返ってきていない**。実際の項目名: id, playerId, nickname, currentLeagueId, currentRanking, prefectureName, championShipPoint, publicFlg, championFlg, avatarImage
[2026-09-24T17:06:35] [ERROR] [prefecture] シニア(senior) p18: **prefectureId が返ってきていない**。実際の項目名: id, playerId, nickname, currentLeagueId, currentRanking, prefectureName, championShipPoint, publicFlg, championFlg, avatarImage
[2026-09-24T17:06:35] [ERROR] [prefecture] シニア(senior) p19: **prefectureId が返ってきていない**。実際の項目名: id, playerId, nickname, currentLeagueId, currentRanking, prefectureName, championShipPoint, publicFlg, championFlg, avatarImage
[2026-09-24T17:06:35] [ERROR] [prefecture] シニア(senior) p20: **prefectureId が返ってきていない**。実際の項目名: id, playerId, nickname, currentLeagueId, currentRanking, prefectureName, championShipPoint, publicFlg, championFlg, avatarImage
[2026-09-24T17:06:35] [ERROR] [prefecture] シニア(senior) p21: **prefectureId が返ってきていない**。実際の項目名: id, playerId, nickname, currentLeagueId, currentRanking, prefectureName, championShipPoint, publicFlg, championFlg, avatarImage
[2026-09-24T17:06:35] [ERROR] [prefecture] シニア(senior) p22: **prefectureId が返ってきていない**。実際の項目名: id, playerId, nickname, currentLeagueId, currentRanking, prefectureName, championShipPoint, publicFlg, championFlg, avatarImage
[2026-09-24T17:06:35] [ERROR] [prefecture] シニア(senior) p23: **prefectureId が返ってきていない**。実際の項目名: id, playerId, nickname, currentLeagueId, currentRanking, prefectureName, championShipPoint, publicFlg, championFlg, avatarImage
[2026-09-24T17:06:35] [ERROR] [prefecture] シニア(senior) p24: **prefectureId が返ってきていない**。実際の項目名: id, playerId, nickname, currentLeagueId, currentRanking, prefectureName, championShipPoint, publicFlg, championFlg, avatarImage
[2026-09-24T17:06:35] [ERROR] [prefecture] シニア(senior) p25: **prefectureId が返ってきていない**。実際の項目名: id, playerId, nickname, currentLeagueId, currentRanking, prefectureName, championShipPoint, publicFlg, championFlg, avatarImage
[2026-09-24T17:06:35] [ERROR] [prefecture] シニア(senior) p26: **prefectureId が返ってきていない**。実際の項目名: id, playerId, nickname, currentLeagueId, currentRanking, prefectureName, championShipPoint, publicFlg, championFlg, avatarImage
[2026-09-24T17:06:35] [ERROR] [prefecture] シニア(senior) p27: **prefectureId が返ってきていない**。実際の項目名: id, playerId, nickname, currentLeagueId, currentRanking, prefectureName, championShipPoint, publicFlg, championFlg, avatarImage
[2026-09-24T17:06:35] [ERROR] [prefecture] シニア(senior) p28: **prefectureId が返ってきていない**。実際の項目名: id, playerId, nickname, currentLeagueId, currentRanking, prefectureName, championShipPoint, publicFlg, championFlg, avatarImage
[2026-09-24T17:06:35] [ERROR] [prefecture] シニア(senior) p29: **prefectureId が返ってきていない**。実際の項目名: id, playerId, nickname, currentLeagueId, currentRanking, prefectureName, championShipPoint, publicFlg, championFlg, avatarImage
[2026-09-24T17:06:35] [ERROR] [prefecture] シニア(senior) p30: **prefectureId が返ってきていない**。実際の項目名: id, playerId, nickname, currentLeagueId, currentRanking, prefectureName, championShipPoint, publicFlg, championFlg, avatarImage
[2026-09-24T17:06:35] [ERROR] [prefecture] シニア(senior) p31: **prefectureId が返ってきていない**。実際の項目名: id, playerId, nickname, currentLeagueId, currentRanking, prefectureName, championShipPoint, publicFlg, championFlg, avatarImage
[2026-09-24T17:06:35] [ERROR] [prefecture] シニア(senior) p32: **prefectureId が返ってきていない**。実際の項目名: id, playerId, nickname, currentLeagueId, currentRanking, prefectureName, championShipPoint, publicFlg, championFlg, avatarImage
[2026-09-24T17:06:35] [ERROR] [prefecture] シニア(senior) p33: **prefectureId が返ってきていない**。実際の項目名: id, playerId, nickname, currentLeagueId, currentRanking, prefectureName, championShipPoint, publicFlg, championFlg, avatarImage
[2026-09-24T17:06:35] [ERROR] [prefecture] シニア(senior) p34: **prefectureId が返ってきていない**。実際の項目名: id, playerId, nickname, currentLeagueId, currentRanking, prefectureName, championShipPoint, publicFlg, championFlg, avatarImage
[2026-09-24T17:06:35] [ERROR] [prefecture] シニア(senior) p35: **prefectureId が返ってきていない**。実際の項目名: id, playerId, nickname, currentLeagueId, currentRanking, prefectureName, championShipPoint, publicFlg, championFlg, avatarImage
[2026-09-24T17:06:35] [ERROR] [prefecture] シニア(senior) p36: **prefectureId が返ってきていない**。実際の項目名: id, playerId, nickname, currentLeagueId, currentRanking, prefectureName, championShipPoint, publicFlg, championFlg, avatarImage
[2026-09-24T17:06:35] [ERROR] [prefecture] シニア(senior) p37: **prefectureId が返ってきていない**。実際の項目名: id, playerId, nickname, currentLeagueId, currentRanking, prefectureName, championShipPoint, publicFlg, championFlg, avatarImage
[2026-09-24T17:06:35] [ERROR] [prefecture] シニア(senior) p38: **prefectureId が返ってきていない**。実際の項目名: id, playerId, nickname, currentLeagueId, currentRanking, prefectureName, championShipPoint, publicFlg, championFlg, avatarImage
[2026-09-24T17:06:35] [ERROR] [prefecture] シニア(senior) p39: **prefectureId が返ってきていない**。実際の項目名: id, playerId, nickname, currentLeagueId, currentRanking, prefectureName, championShipPoint, publicFlg, championFlg, avatarImage
[2026-09-24T17:06:35] [ERROR] [prefecture] シニア(senior) p40: **prefectureId が返ってきていない**。実際の項目名: id, playerId, nickname, currentLeagueId, currentRanking, prefectureName, championShipPoint, publicFlg, championFlg, avatarImage
[2026-09-24T17:06:35] [ERROR] [prefecture] シニア(senior) p41: **prefectureId が返ってきていない**。実際の項目名: id, playerId, nickname, currentLeagueId, currentRanking, prefectureName, championShipPoint, publicFlg, championFlg, avatarImage
[2026-09-24T17:06:35] [ERROR] [prefecture] シニア(senior) p42: **prefectureId が返ってきていない**。実際の項目名: id, playerId, nickname, currentLeagueId, currentRanking, prefectureName, championShipPoint, publicFlg, championFlg, avatarImage
[2026-09-24T17:06:35] [INFO] シニア (senior) cycle completed. Pages: 42/42, Processed: 840, Dropped: 0.
[2026-09-24T17:06:35] [INFO] Starting new rank fetch cycle for ジュニア (junior)...
[2026-09-24T17:06:35] [ERROR] [prefecture] ジュニア(junior) p1: **prefectureId が返ってきていない**。実際の項目名: id, playerId, nickname, currentLeagueId, currentRanking, prefectureName, championShipPoint, publicFlg, championFlg, avatarImage
[2026-09-24T17:06:35] [ERROR] [prefecture] ジュニア(junior) p2: **prefectureId が返ってきていない**。実際の項目名: id, playerId, nickname, currentLeagueId, currentRanking, prefectureName, championShipPoint, publicFlg, championFlg, avatarImage
[2026-09-24T17:06:35] [ERROR] [prefecture] ジュニア(junior) p3: **prefectureId が返ってきていない**。実際の項目名: id, playerId, nickname, currentLeagueId, currentRanking, prefectureName, championShipPoint, publicFlg, championFlg, avatarImage
[2026-09-24T17:06:35] [ERROR] [prefecture] ジュニア(junior) p4: **prefectureId が返ってきていない**。実際の項目名: id, playerId, nickname, currentLeagueId, currentRanking, prefectureName, championShipPoint, publicFlg, championFlg, avatarImage
[2026-09-24T17:06:35] [ERROR] [prefecture] ジュニア(junior) p5: **prefectureId が返ってきていない**。実際の項目名: id, playerId, nickname, currentLeagueId, currentRanking, prefectureName, championShipPoint, publicFlg, championFlg, avatarImage
[2026-09-24T17:06:35] [ERROR] [prefecture] ジュニア(junior) p6: **prefectureId が返ってきていない**。実際の項目名: id, playerId, nickname, currentLeagueId, currentRanking, prefectureName, championShipPoint, publicFlg, championFlg, avatarImage
[2026-09-24T17:06:35] [ERROR] [prefecture] ジュニア(junior) p7: **prefectureId が返ってきていない**。実際の項目名: id, playerId, nickname, currentLeagueId, currentRanking, prefectureName, championShipPoint, publicFlg, championFlg, avatarImage
[2026-09-24T17:06:35] [ERROR] [prefecture] ジュニア(junior) p8: **prefectureId が返ってきていない**。実際の項目名: id, playerId, nickname, currentLeagueId, currentRanking, prefectureName, championShipPoint, publicFlg, championFlg, avatarImage
[2026-09-24T17:06:35] [ERROR] [prefecture] ジュニア(junior) p9: **prefectureId が返ってきていない**。実際の項目名: id, playerId, nickname, currentLeagueId, currentRanking, prefectureName, championShipPoint, publicFlg, championFlg, avatarImage
[2026-09-24T17:06:35] [ERROR] [prefecture] ジュニア(junior) p10: **prefectureId が返ってきていない**。実際の項目名: id, playerId, nickname, currentLeagueId, currentRanking, prefectureName, championShipPoint, publicFlg, championFlg, avatarImage
[2026-09-24T17:06:35] [ERROR] [prefecture] ジュニア(junior) p11: **prefectureId が返ってきていない**。実際の項目名: id, playerId, nickname, currentLeagueId, currentRanking, prefectureName, championShipPoint, publicFlg, championFlg, avatarImage
[2026-09-24T17:06:35] [ERROR] [prefecture] ジュニア(junior) p12: **prefectureId が返ってきていない**。実際の項目名: id, playerId, nickname, currentLeagueId, currentRanking, prefectureName, championShipPoint, publicFlg, championFlg, avatarImage
[2026-09-24T17:06:35] [ERROR] [prefecture] ジュニア(junior) p13: **prefectureId が返ってきていない**。実際の項目名: id, playerId, nickname, currentLeagueId, currentRanking, prefectureName, championShipPoint, publicFlg, championFlg, avatarImage
[2026-09-24T17:06:35] [ERROR] [prefecture] ジュニア(junior) p14: **prefectureId が返ってきていない**。実際の項目名: id, playerId, nickname, currentLeagueId, currentRanking, prefectureName, championShipPoint, publicFlg, championFlg, avatarImage
[2026-09-24T17:06:35] [ERROR] [prefecture] ジュニア(junior) p15: **prefectureId が返ってきていない**。実際の項目名: id, playerId, nickname, currentLeagueId, currentRanking, prefectureName, championShipPoint, publicFlg, championFlg, avatarImage
[2026-09-24T17:06:35] [ERROR] [prefecture] ジュニア(junior) p16: **prefectureId が返ってきていない**。実際の項目名: id, playerId, nickname, currentLeagueId, currentRanking, prefectureName, championShipPoint, publicFlg, championFlg, avatarImage
[2026-09-24T17:06:35] [ERROR] [prefecture] ジュニア(junior) p17: **prefectureId が返ってきていない**。実際の項目名: id, playerId, nickname, currentLeagueId, currentRanking, prefectureName, championShipPoint, publicFlg, championFlg, avatarImage
[2026-09-24T17:06:35] [ERROR] [prefecture] ジュニア(junior) p18: **prefectureId が返ってきていない**。実際の項目名: id, playerId, nickname, currentLeagueId, currentRanking, prefectureName, championShipPoint, publicFlg, championFlg, avatarImage
[2026-09-24T17:06:35] [ERROR] [prefecture] ジュニア(junior) p19: **prefectureId が返ってきていない**。実際の項目名: id, playerId, nickname, currentLeagueId, currentRanking, prefectureName, championShipPoint, publicFlg, championFlg, avatarImage
[2026-09-24T17:06:35] [ERROR] [prefecture] ジュニア(junior) p20: **prefectureId が返ってきていない**。実際の項目名: id, playerId, nickname, currentLeagueId, currentRanking, prefectureName, championShipPoint, publicFlg, championFlg, avatarImage
[2026-09-24T17:06:35] [ERROR] [prefecture] ジュニア(junior) p21: **prefectureId が返ってきていない**。実際の項目名: id, playerId, nickname, currentLeagueId, currentRanking, prefectureName, championShipPoint, publicFlg, championFlg, avatarImage
[2026-09-24T17:06:35] [ERROR] [prefecture] ジュニア(junior) p22: **prefectureId が返ってきていない**。実際の項目名: id, playerId, nickname, currentLeagueId, currentRanking, prefectureName, championShipPoint, publicFlg, championFlg, avatarImage
[2026-09-24T17:06:35] [ERROR] [prefecture] ジュニア(junior) p23: **prefectureId が返ってきていない**。実際の項目名: id, playerId, nickname, currentLeagueId, currentRanking, prefectureName, championShipPoint, publicFlg, championFlg, avatarImage
[2026-09-24T17:06:35] [ERROR] [prefecture] ジュニア(junior) p24: **prefectureId が返ってきていない**。実際の項目名: id, playerId, nickname, currentLeagueId, currentRanking, prefectureName, championShipPoint, publicFlg, championFlg, avatarImage
[2026-09-24T17:06:35] [ERROR] [prefecture] ジュニア(junior) p25: **prefectureId が返ってきていない**。実際の項目名: id, playerId, nickname, currentLeagueId, currentRanking, prefectureName, championShipPoint, publicFlg, championFlg, avatarImage
[2026-09-24T17:06:35] [ERROR] [prefecture] ジュニア(junior) p26: **prefectureId が返ってきていない**。実際の項目名: id, playerId, nickname, currentLeagueId, currentRanking, prefectureName, championShipPoint, publicFlg, championFlg, avatarImage
[2026-09-24T17:06:35] [ERROR] [prefecture] ジュニア(junior) p27: **prefectureId が返ってきていない**。実際の項目名: id, playerId, nickname, currentLeagueId, currentRanking, prefectureName, championShipPoint, publicFlg, championFlg, avatarImage
[2026-09-24T17:06:35] [ERROR] [prefecture] ジュニア(junior) p28: **prefectureId が返ってきていない**。実際の項目名: id, playerId, nickname, currentLeagueId, currentRanking, prefectureName, championShipPoint, publicFlg, championFlg, avatarImage
[2026-09-24T17:06:35] [ERROR] [prefecture] ジュニア(junior) p29: **prefectureId が返ってきていない**。実際の項目名: id, playerId, nickname, currentLeagueId, currentRanking, prefectureName, championShipPoint, publicFlg, championFlg, avatarImage
[2026-09-24T17:06:35] [INFO] ジュニア (junior) cycle completed. Pages: 29/29, Processed: 580, Dropped: 0.
[2026-09-24T17:06:35] [INFO] --- Player Rank Import Task Completed ---
[2026-09-24T17:06:57] [INFO] --- Starting Player Rank Import Task ---
[2026-09-24T17:06:57] [INFO] Starting new rank fetch cycle for マスター (master)...
[2026-09-24T17:06:57] [WARN] [prefecture] マスター(master): prefectureId は返ってこない（prefectureName のみ）。受け口が名前→番号に直す。項目: id, playerId, nickname, currentLeagueId, currentRanking, prefectureName, championShipPoint, publicFlg, championFlg, avatarImage
[2026-09-24T17:06:57] [INFO] マスター (master) batch fetched 2400 players (pages 120/243, offset: 2400).
[2026-09-24T17:06:57] [INFO] Starting new rank fetch cycle for シニア (senior)...
[2026-09-24T17:06:57] [WARN] [prefecture] シニア(senior): prefectureId は返ってこない（prefectureName のみ）。受け口が名前→番号に直す。項目: id, playerId, nickname, currentLeagueId, currentRanking, prefectureName, championShipPoint, publicFlg, championFlg, avatarImage
[2026-09-24T17:06:57] [INFO] シニア (senior) cycle completed. Pages: 42/42, Processed: 840, Dropped: 0.
[2026-09-24T17:06:57] [INFO] Starting new rank fetch cycle for ジュニア (junior)...
[2026-09-24T17:06:57] [WARN] [prefecture] ジュニア(junior): prefectureId は返ってこない（prefectureName のみ）。受け口が名前→番号に直す。項目: id, playerId, nickname, currentLeagueId, currentRanking, prefectureName, championShipPoint, publicFlg, championFlg, avatarImage
[2026-09-24T17:06:57] [INFO] ジュニア (junior) cycle completed. Pages: 29/29, Processed: 580, Dropped: 0.
[2026-09-24T17:06:57] [INFO] --- Player Rank Import Task Completed ---
[2026-09-24T17:06:57] [INFO] --- Starting Player Rank Import Task ---
[2026-09-24T17:06:57] [WARN] [prefecture] マスター(master): prefectureId は返ってこない（prefectureName のみ）。受け口が名前→番号に直す。項目: id, playerId, nickname, currentLeagueId, currentRanking, prefectureName, championShipPoint, publicFlg, championFlg, avatarImage
[2026-09-24T17:06:57] [INFO] マスター (master) batch fetched 2400 players (pages 240/243, offset: 4800).
[2026-09-24T17:06:57] [INFO] Starting new rank fetch cycle for シニア (senior)...
[2026-09-24T17:06:57] [WARN] [prefecture] シニア(senior): prefectureId は返ってこない（prefectureName のみ）。受け口が名前→番号に直す。項目: id, playerId, nickname, currentLeagueId, currentRanking, prefectureName, championShipPoint, publicFlg, championFlg, avatarImage
[2026-09-24T17:06:57] [INFO] シニア (senior) cycle completed. Pages: 42/42, Processed: 840, Dropped: 0.
[2026-09-24T17:06:57] [INFO] Starting new rank fetch cycle for ジュニア (junior)...
[2026-09-24T17:06:57] [WARN] [prefecture] ジュニア(junior): prefectureId は返ってこない（prefectureName のみ）。受け口が名前→番号に直す。項目: id, playerId, nickname, currentLeagueId, currentRanking, prefectureName, championShipPoint, publicFlg, championFlg, avatarImage
[2026-09-24T17:06:57] [INFO] ジュニア (junior) cycle completed. Pages: 29/29, Processed: 580, Dropped: 0.
[2026-09-24T17:06:57] [INFO] --- Player Rank Import Task Completed ---
[2026-09-24T17:06:57] [INFO] --- Starting Player Rank Import Task ---
[2026-09-24T17:06:57] [WARN] [prefecture] マスター(master): prefectureId は返ってこない（prefectureName のみ）。受け口が名前→番号に直す。項目: id, playerId, nickname, currentLeagueId, currentRanking, prefectureName, championShipPoint, publicFlg, championFlg, avatarImage
[2026-09-24T17:06:57] [INFO] マスター (master) cycle completed. Pages: 243/243, Processed: 60, Dropped: 0.
[2026-09-24T17:06:57] [INFO] Starting new rank fetch cycle for シニア (senior)...
[2026-09-24T17:06:57] [WARN] [prefecture] シニア(senior): prefectureId は返ってこない（prefectureName のみ）。受け口が名前→番号に直す。項目: id, playerId, nickname, currentLeagueId, currentRanking, prefectureName, championShipPoint, publicFlg, championFlg, avatarImage
[2026-09-24T17:06:57] [INFO] シニア (senior) cycle completed. Pages: 42/42, Processed: 840, Dropped: 0.
[2026-09-24T17:06:57] [INFO] Starting new rank fetch cycle for ジュニア (junior)...
[2026-09-24T17:06:57] [WARN] [prefecture] ジュニア(junior): prefectureId は返ってこない（prefectureName のみ）。受け口が名前→番号に直す。項目: id, playerId, nickname, currentLeagueId, currentRanking, prefectureName, championShipPoint, publicFlg, championFlg, avatarImage
[2026-09-24T17:06:57] [INFO] ジュニア (junior) cycle completed. Pages: 29/29, Processed: 580, Dropped: 0.
[2026-09-24T17:06:57] [INFO] --- Player Rank Import Task Completed ---
